RecordID,StoreID,Date,DayOfWeek,Promotion,Holiday,Temperature,FuelPrice,CPI,Unemployment,Sales_3Months,Weekly_Sales,FullName,Phone,ZodiacSign,FavoriteColor,Hobby
REC00001,16,01/01/2023,5,0,0,18.3,,199.24,8.78,56918.37,18047.84,Person_1,3485859278.0,Gemini,Yellow,Photography
REC00002,9,02/01/2023,3,0,0,14.8,3.08,207.94,,42243.7,14398.06,Person_2,3688951741.0,Aries,Green,Photography
REC00003,15,03/01/2023,6,0,0,8.1,3.5,198.94,4.47,48401.13,15648.56,Person_3,3387177388.0,Pisces,Blue,Cinema
REC00004,8,04/01/2023,2,0,0,30.4,2.59,217.05,9.26,38669.66,13796.27,Person_4,3557279034.0,Sagittarius,Purple,Sports
REC00005,18,05/01/2023,1,0,0,21.5,3.24,194.75,5.94,54090.86,18008.28,Person_5,3275061327.0,Aries,Green,Hiking
REC00006,4,06/01/2023,6,0,1,21.2,3.99,217.49,7.07,57173.0,18185.19,Person_6,3786068889.0,Taurus,Purple,Reading
REC00007,17,07/01/2023,0,0,0,10.1,2.84,208.18,9.8,25366.51,8711.38,Person_7,3113769201.0,Scorpio,Gray,Sports
REC00008,14,08/01/2023,1,0,0,0.1,3.83,193.45,8.27,38237.55,12376.94,Person_8,3589234178.0,Scorpio,White,Travel
REC00009,6,09/01/2023,1,1,0,13.1,3.46,206.43,2.85,61064.3,20263.73,Person_9,3935097355.0,Libra,Yellow,Cooking
REC00010,14,10/01/2023,3,0,0,19.8,3.37,197.67,7.71,33846.47,11675.74,Person_10,3552875476.0,Virgo,Red,Gardening
REC00011,13,11/01/2023,2,0,0,13.3,3.69,203.37,,38192.76,12014.28,Person_11,3031931572.0,Gemini,Pink,Cinema
REC00012,19,12/01/2023,4,1,0,19.6,2.76,179.99,,64157.09,21025.86,Person_12,3579928623.0,Libra,Orange,Cooking
REC00013,2,13/01/2023,6,0,0,22.1,,190.76,,36756.22,12613.2,Person_13,3320385590.0,Sagittarius,Purple,Sports
REC00014,1,14/01/2023,1,0,0,4.9,4.19,185.97,3.97,50399.05,16642.16,Person_14,3550912046.0,Scorpio,Pink,Gardening
REC00015,2,15/01/2023,0,0,0,29.0,3.52,186.85,7.03,39188.03,13217.88,Person_15,3920309486.0,Aquarius,Gray,Cinema
REC00016,7,16/01/2023,4,0,0,,3.13,187.92,6.52,36452.15,11765.25,Person_16,3950404269.0,Aquarius,Blue,Cinema
REC00017,7,17/01/2023,5,0,0,8.3,3.39,198.08,6.81,48950.89,16080.54,Person_17,3428206412.0,Gemini,Pink,Sports
REC00018,14,18/01/2023,0,0,0,19.3,3.61,186.69,5.35,32071.36,11285.27,Person_18,3845897415.0,Gemini,Gray,Photography
REC00019,18,19/01/2023,0,0,0,11.9,3.39,208.78,8.53,34379.66,11028.08,Person_19,3731001460.0,Sagittarius,Black,Reading
REC00020,12,20/01/2023,0,0,0,22.4,2.73,187.33,9.07,25388.39,8977.4,Person_20,3239484748.0,Gemini,White,Cooking
REC00021,18,21/01/2023,6,1,0,29.9,3.64,188.25,4.29,63623.69,20786.57,Person_21,3609652544.0,Pisces,Blue,Hiking
REC00022,3,22/01/2023,6,0,1,-3.9,2.5,218.34,3.53,55580.28,17693.6,Person_22,3439349068.0,Leo,Yellow,Travel
REC00023,7,23/01/2023,1,0,0,20.8,2.85,182.83,4.98,50674.63,16817.67,Person_23,3375188645.0,Cancer,Black,Hiking
REC00024,14,24/01/2023,1,1,0,13.3,2.72,200.27,,52435.98,18565.43,Person_24,3141144064.0,Capricorn,Pink,Gaming
REC00025,12,25/01/2023,1,0,0,25.2,4.19,198.6,5.17,50818.92,16187.43,Person_25,3951463362.0,Aquarius,Orange,Hiking
REC00026,4,26/01/2023,0,0,1,27.0,3.16,192.57,10.31,44597.19,14344.2,Person_26,3778612297.0,Aquarius,Green,Gardening
REC00027,2,27/01/2023,1,0,0,7.9,4.03,204.64,7.41,40364.81,13403.19,Person_27,3744853392.0,Scorpio,Black,Gaming
REC00028,12,28/01/2023,4,0,0,9.6,3.39,208.55,,37531.5,12341.48,Person_28,3101489688.0,Sagittarius,Blue,Cinema
REC00029,13,29/01/2023,3,0,0,27.5,2.98,204.87,5.44,58001.86,18613.53,Person_29,3512730136.0,Taurus,Blue,Sports
REC00030,14,30/01/2023,5,0,0,15.1,2.88,209.99,10.36,38355.69,11994.94,Person_30,3182155685.0,Cancer,Yellow,Music
REC00031,8,31/01/2023,2,0,0,26.1,3.19,201.52,4.72,50732.29,16745.48,Person_31,3845054166.0,Cancer,Blue,Travel
REC00032,20,01/02/2023,1,1,0,18.2,2.69,,6.49,55051.56,18428.97,Person_32,3941160730.0,Aquarius,Purple,Photography
REC00033,8,02/02/2023,6,0,0,12.1,3.7,162.08,3.02,39617.99,13204.14,Person_33,3256948625.0,Aries,Purple,Reading
REC00034,9,03/02/2023,3,1,0,19.8,3.49,190.4,6.52,50763.92,17078.79,Person_34,3749128958.0,Cancer,White,Gardening
REC00035,17,04/02/2023,4,1,0,,2.75,216.29,7.18,51198.2,16915.69,Person_35,3844813737.0,Libra,White,Travel
REC00036,18,05/02/2023,5,0,0,,3.69,194.37,7.74,42317.83,13847.19,Person_36,3098669487.0,Aries,Pink,Cinema
REC00037,9,06/02/2023,2,1,0,4.8,2.89,192.19,2.0,56273.89,19214.26,Person_37,3395189200.0,Libra,Blue,Reading
REC00038,2,07/02/2023,4,0,0,3.9,3.16,186.51,8.92,45087.45,14485.88,Person_38,3683694230.0,Virgo,Red,Travel
REC00039,13,08/02/2023,3,0,0,18.4,3.52,192.63,8.13,30729.7,10889.38,Person_39,3068703193.0,Libra,Gray,Cooking
REC00040,12,09/02/2023,5,0,0,30.9,3.26,193.04,11.72,31720.28,11241.06,Person_40,3714563306.0,Gemini,Black,Sports
REC00041,2,10/02/2023,4,0,0,16.2,3.74,250.0,11.47,33119.67,11610.83,Person_41,3180803243.0,Virgo,Black,Reading
REC00042,13,11/02/2023,1,0,0,29.1,,,6.46,49940.91,17047.94,Person_42,3789682035.0,Leo,Green,Hiking
REC00043,20,12/02/2023,2,0,0,21.7,3.52,190.12,6.76,38101.94,12523.05,Person_43,3395582188.0,Cancer,Pink,Gardening
REC00044,16,13/02/2023,6,0,0,17.8,3.65,210.47,5.54,39337.56,13998.25,Person_44,3580451642.0,Leo,White,Sports
REC00045,5,14/02/2023,6,0,0,,3.34,175.85,10.31,31172.93,10216.41,Person_45,3278574987.0,Virgo,Purple,Gaming
REC00046,8,15/02/2023,0,0,0,23.0,3.04,207.94,,37943.12,12333.95,Person_46,3558376289.0,Cancer,Red,Hiking
REC00047,17,16/02/2023,3,0,0,18.2,3.54,162.1,7.75,29460.93,10451.37,Person_47,3556257407.0,Gemini,Green,Music
REC00048,8,17/02/2023,0,1,1,14.6,3.44,216.87,,59932.74,19041.77,Person_48,3421469176.0,Virgo,Orange,Gardening
REC00049,12,18/02/2023,4,1,0,26.0,3.07,190.37,8.02,67877.79,21563.91,Person_49,3562859775.0,Gemini,Black,Sports
REC00050,5,19/02/2023,1,0,0,11.6,3.66,198.3,5.64,34207.96,11618.81,Person_50,3962326754.0,Scorpio,Red,Cooking
REC00051,11,20/02/2023,1,0,0,39.6,3.43,204.08,4.75,47743.82,15987.08,Person_51,3659137001.0,Virgo,Red,Travel
REC00052,17,21/02/2023,2,0,0,27.2,3.34,214.8,7.49,42181.08,14059.25,Person_52,3938258579.0,Sagittarius,White,Reading
REC00053,9,22/02/2023,5,1,0,23.7,3.25,208.85,7.27,54218.24,18328.92,Person_53,3268573219.0,Gemini,Green,Cinema
REC00054,6,23/02/2023,6,0,0,18.1,,202.65,9.37,45729.8,14700.84,Person_54,3846735721.0,Aquarius,Black,Photography
REC00055,7,24/02/2023,5,1,0,6.9,3.25,202.18,8.79,63288.76,19956.98,Person_55,3582059864.0,Gemini,Pink,Cinema
REC00056,5,25/02/2023,5,0,0,,3.53,178.08,8.4,38393.56,12533.89,Person_56,3634522881.0,Gemini,Orange,Photography
REC00057,16,26/02/2023,4,0,0,19.1,3.51,188.89,7.78,40984.13,14234.39,Person_57,3470796577.0,Gemini,Orange,Gaming
REC00058,18,27/02/2023,6,1,0,18.7,2.75,198.06,5.21,60102.14,20007.73,Person_58,3795641527.0,Pisces,Yellow,Gaming
REC00059,10,28/02/2023,3,1,0,19.2,3.68,214.98,7.54,58977.29,19899.19,Person_59,3606847190.0,Scorpio,Pink,Music
REC00060,5,01/03/2023,2,0,0,21.0,3.33,214.59,6.71,45747.84,16180.09,Person_60,3513489823.0,Taurus,White,Hiking
REC00061,4,02/03/2023,1,0,0,,3.35,207.48,6.53,48809.22,17165.36,Person_61,3451298780.0,Scorpio,Red,Reading
REC00062,4,03/03/2023,0,1,0,18.4,2.55,186.68,7.0,57780.27,18362.17,Person_62,3493736152.0,Cancer,Black,Cinema
REC00063,4,04/03/2023,4,1,0,12.5,3.25,202.01,9.28,54188.83,17650.8,Person_63,3418867289.0,Gemini,Pink,Cooking
REC00064,13,05/03/2023,4,0,0,6.8,3.56,192.36,4.53,39077.21,12908.7,Person_64,3663368277.0,Scorpio,Purple,Gaming
REC00065,7,06/03/2023,2,0,0,18.0,2.85,194.47,6.74,50623.03,15946.16,Person_65,3873253689.0,Aries,Orange,Music
REC00066,15,07/03/2023,5,0,0,11.4,3.17,164.67,6.83,34418.64,11626.83,Person_66,3697106582.0,Taurus,Green,Reading
REC00067,3,08/03/2023,3,0,0,34.1,3.02,187.45,6.87,39528.11,14046.58,Person_67,3538249249.0,Sagittarius,Yellow,Hiking
REC00068,20,09/03/2023,6,0,0,23.9,2.6,178.76,8.97,41853.25,13565.55,Person_68,3534243834.0,Sagittarius,Pink,Hiking
REC00069,8,10/03/2023,3,1,0,21.4,3.18,180.61,6.75,63329.77,20411.22,Person_69,3875835844.0,Cancer,Purple,Travel
REC00070,5,11/03/2023,5,0,0,14.1,3.6,186.58,2.9,37353.42,12189.4,Person_70,3119669171.0,Virgo,Red,Reading
REC00071,14,12/03/2023,0,1,0,24.5,3.17,,9.34,57616.89,18416.74,Person_71,3023286369.0,Leo,Green,Photography
REC00072,5,13/03/2023,3,1,0,25.2,3.45,215.33,5.17,58422.14,19719.06,Person_72,3372347761.0,Virgo,Red,Sports
REC00073,10,14/03/2023,4,0,0,16.2,2.85,222.56,7.35,44203.74,14191.31,Person_73,3207194822.0,Gemini,White,Cooking
REC00074,17,15/03/2023,4,0,0,18.4,2.18,192.89,,35233.38,11130.7,Person_74,3113593022.0,Libra,Pink,Sports
REC00075,6,16/03/2023,6,0,0,11.7,,183.52,3.75,42979.75,15057.95,Person_75,3980076751.0,Capricorn,Yellow,Travel
REC00076,4,17/03/2023,3,1,1,5.9,2.59,203.27,6.65,58431.82,18670.54,Person_76,3859877062.0,Capricorn,Purple,Gaming
REC00077,12,18/03/2023,4,0,0,,3.19,,7.72,45145.4,15508.79,Person_77,3729867572.0,Scorpio,White,Hiking
REC00078,5,19/03/2023,4,0,0,11.4,3.83,194.12,5.7,35217.2,11331.37,Person_78,3364991453.0,Capricorn,Red,Gardening
REC00079,9,20/03/2023,4,0,0,3.6,3.1,214.38,7.64,42092.81,14084.01,Person_79,3510712119.0,Aries,Green,Gardening
REC00080,15,21/03/2023,0,0,0,,3.37,192.45,9.72,31133.73,11056.47,Person_80,3635676263.0,Cancer,Green,Cinema
REC00081,11,22/03/2023,0,1,0,27.7,3.02,189.15,,61580.68,20846.19,Person_81,3224921181.0,Pisces,Yellow,Cinema
REC00082,10,23/03/2023,6,1,0,8.4,2.96,175.91,6.73,44420.78,15638.05,Person_82,3901439532.0,Sagittarius,Purple,Gaming
REC00083,1,24/03/2023,0,1,0,,3.41,173.23,7.55,55292.36,18491.93,Person_83,3033811593.0,Aries,Black,Gardening
REC00084,4,25/03/2023,2,0,0,24.5,,189.64,9.67,39461.67,12743.03,Person_84,3548077609.0,Gemini,Yellow,Hiking
REC00085,5,26/03/2023,6,0,0,16.1,4.3,203.93,9.53,48864.64,15769.75,Person_85,3807316789.0,Leo,Orange,Gaming
REC00086,18,27/03/2023,0,0,1,21.7,2.9,215.08,7.04,40564.32,14218.56,Person_86,3009689621.0,Libra,Purple,Music
REC00087,20,28/03/2023,2,0,0,9.8,3.86,203.21,6.09,44126.02,15298.24,Person_87,3664181728.0,Cancer,Gray,Reading
REC00088,8,29/03/2023,3,0,0,20.5,3.34,191.49,3.68,40162.06,14275.83,Person_88,3766059917.0,Libra,Black,Cinema
REC00089,7,30/03/2023,0,0,0,12.0,3.16,212.78,7.95,34236.53,11185.88,Person_89,3842537642.0,Libra,Red,Cinema
REC00090,9,31/03/2023,2,0,0,26.2,3.04,205.07,7.21,35794.18,11355.34,Person_90,3652829429.0,Libra,Gray,Sports
REC00091,19,01/04/2023,0,0,1,16.4,2.77,211.72,7.09,45968.97,15436.82,Person_91,3015380698.0,Aquarius,Purple,Music
REC00092,3,02/04/2023,5,0,0,,3.01,187.08,7.29,54766.24,17878.56,Person_92,3302591561.0,Sagittarius,Black,Gardening
REC00093,10,03/04/2023,3,0,0,7.1,3.42,188.67,5.73,33198.87,11371.37,Person_93,3780609874.0,Aquarius,Black,Gaming
REC00094,1,04/04/2023,2,0,0,,3.07,194.25,4.91,62551.92,19718.6,Person_94,3505360138.0,Aries,Pink,Cooking
REC00095,18,05/04/2023,2,1,0,15.9,3.61,,,54112.05,17544.35,Person_95,3344208162.0,Taurus,Blue,Cooking
REC00096,12,06/04/2023,5,0,0,17.5,3.64,215.48,6.12,42480.32,13366.89,Person_96,3657535169.0,Aries,Pink,Hiking
REC00097,4,07/04/2023,1,0,0,18.1,2.37,,7.03,38618.32,12116.5,Person_97,3405408970.0,Cancer,Yellow,Travel
REC00098,20,08/04/2023,3,0,1,14.5,3.16,195.81,6.46,46629.5,14873.49,Person_98,3625963641.0,Scorpio,Black,Hiking
REC00099,5,09/04/2023,2,0,0,13.3,3.04,213.46,10.11,33196.49,10931.95,Person_99,3057466806.0,Pisces,Gray,Travel
REC00100,8,10/04/2023,1,0,1,18.2,3.11,194.92,4.75,45902.02,16299.0,Person_100,3228653016.0,Leo,Purple,Reading
REC00101,6,11/04/2023,5,1,0,30.4,3.07,194.3,9.92,57016.86,19597.11,Person_101,3913734376.0,Leo,Gray,Travel
REC00102,11,12/04/2023,4,1,0,16.2,2.95,204.06,3.06,81080.25,25830.02,Person_102,3333947943.0,Capricorn,Pink,Gardening
REC00103,4,13/04/2023,6,1,1,15.6,3.74,202.66,6.2,70346.3,22358.89,Person_103,3343539375.0,Cancer,Green,Music
REC00104,10,14/04/2023,5,1,1,19.4,4.28,212.69,5.63,64086.63,22426.77,Person_104,3971342137.0,Sagittarius,Pink,Gaming
REC00105,19,15/04/2023,2,0,0,14.0,3.31,192.63,4.42,52690.21,17302.12,Person_105,3287385187.0,Scorpio,Orange,Photography
REC00106,12,16/04/2023,5,0,0,23.1,2.75,199.37,3.87,42596.68,15004.87,Person_106,3804748266.0,Capricorn,Purple,Music
REC00107,7,17/04/2023,3,1,0,20.7,3.18,162.61,6.25,64305.89,20840.46,Person_107,3581599290.0,Pisces,White,Gaming
REC00108,9,18/04/2023,3,0,0,27.6,2.62,174.4,4.91,43264.25,14396.65,Person_108,3842434479.0,Scorpio,Green,Photography
REC00109,12,19/04/2023,2,1,0,15.8,,,3.46,63651.52,20267.83,Person_109,3747374553.0,Pisces,Orange,Sports
REC00110,16,20/04/2023,2,0,0,10.8,3.35,,10.12,38321.65,12281.85,Person_110,3628588975.0,Capricorn,Purple,Photography
REC00111,7,21/04/2023,6,1,0,25.3,3.23,223.57,6.91,65945.64,21210.27,Person_111,3363064839.0,Pisces,Green,Gardening
REC00112,16,22/04/2023,3,0,0,16.5,3.26,195.92,,36594.18,11476.06,Person_112,3674690158.0,Virgo,Red,Gardening
REC00113,11,23/04/2023,1,0,0,21.8,,226.94,6.84,41538.27,14509.18,Person_113,3203805990.0,Gemini,White,Gaming
REC00114,10,24/04/2023,1,0,0,21.4,3.68,212.83,7.95,56014.58,18646.86,Person_114,3044292621.0,Scorpio,Orange,Travel
REC00115,1,25/04/2023,5,1,0,14.0,2.83,197.94,,61767.77,21966.53,Person_115,3638144405.0,Cancer,White,Sports
REC00116,16,26/04/2023,6,0,0,19.5,3.05,183.22,5.56,43040.08,14830.25,Person_116,3861000078.0,Cancer,Yellow,Cinema
REC00117,6,27/04/2023,5,1,0,21.5,3.49,167.46,4.27,58987.93,20596.66,Person_117,3982124583.0,Cancer,Red,Music
REC00118,17,28/04/2023,0,1,0,22.1,3.37,198.0,8.5,34805.65,11880.6,Person_118,3529884749.0,Sagittarius,Red,Music
REC00119,6,29/04/2023,5,1,0,19.7,3.35,198.04,8.12,62174.73,21369.29,Person_119,3271656040.0,Pisces,Yellow,Gardening
REC00120,8,30/04/2023,6,0,0,6.7,3.68,201.13,5.68,37332.03,12747.28,Person_120,3871882121.0,Pisces,White,Travel
REC00121,1,01/05/2023,0,0,0,4.5,3.25,173.53,7.98,26885.82,9136.1,Person_121,3170677592.0,Aquarius,Purple,Gaming
REC00122,6,02/05/2023,2,0,0,21.8,3.07,228.81,6.49,53561.67,17657.69,Person_122,3717066216.0,Pisces,Purple,Photography
REC00123,11,03/05/2023,6,0,0,5.7,3.34,202.95,6.57,46404.26,15532.09,Person_123,3928274339.0,Libra,White,Reading
REC00124,3,04/05/2023,2,0,0,26.5,,,6.15,46370.49,14675.8,Person_124,3180611067.0,Leo,Blue,Photography
REC00125,15,05/05/2023,4,0,0,1.7,2.93,208.15,11.9,42252.93,14922.43,Person_125,3214002991.0,Aquarius,Orange,Photography
REC00126,8,06/05/2023,4,0,0,10.0,3.4,191.02,8.9,41224.12,14696.28,Person_126,3984255950.0,Aries,Orange,Sports
REC00127,10,07/05/2023,0,1,0,12.6,3.16,214.85,,35661.38,12418.78,Person_127,3778789334.0,Pisces,Pink,Gaming
REC00128,2,08/05/2023,0,0,0,16.9,3.42,179.96,6.41,41083.56,13093.74,Person_128,3211480269.0,Gemini,Purple,Photography
REC00129,7,09/05/2023,5,0,0,22.4,4.03,192.69,6.76,44596.52,14707.0,Person_129,3967188003.0,Cancer,Blue,Gaming
REC00130,18,10/05/2023,2,1,0,24.5,3.16,208.93,5.11,52556.62,17781.72,Person_130,3079748517.0,Scorpio,Gray,Music
REC00131,19,11/05/2023,5,0,0,29.2,3.07,207.54,7.94,40083.94,14268.92,Person_131,3386318630.0,Virgo,Yellow,Cooking
REC00132,5,12/05/2023,6,0,0,24.5,2.89,178.99,8.82,38988.6,13127.44,Person_132,3450611040.0,Capricorn,Orange,Gaming
REC00133,15,13/05/2023,1,0,0,17.3,2.9,,8.79,32449.11,11306.88,Person_133,3695603917.0,Aries,Orange,Music
REC00134,17,14/05/2023,5,0,0,8.7,2.61,201.32,9.14,31594.78,11013.65,Person_134,3610662526.0,Cancer,White,Gaming
REC00135,2,15/05/2023,1,1,0,16.7,3.15,214.2,7.76,48628.96,15248.12,Person_135,3722212585.0,Aquarius,Pink,Photography
REC00136,5,16/05/2023,4,0,0,16.2,3.39,204.7,2.79,53562.97,17277.07,Person_136,3261895336.0,Cancer,Purple,Gardening
REC00137,12,17/05/2023,1,1,0,26.0,3.52,189.79,7.61,64066.02,22094.06,Person_137,3937762184.0,Sagittarius,White,Reading
REC00138,7,18/05/2023,1,0,0,19.7,3.51,204.36,8.79,36573.58,11516.88,Person_138,3061387368.0,Pisces,Yellow,Gaming
REC00139,1,19/05/2023,4,0,0,25.4,2.85,207.11,7.35,41869.62,14495.59,Person_139,3607650825.0,Pisces,Pink,Travel
REC00140,16,20/05/2023,0,1,0,8.3,3.51,186.0,9.83,36427.65,12832.57,Person_140,3164141881.0,Cancer,Gray,Sports
REC00141,18,21/05/2023,5,0,0,13.4,2.69,192.57,7.91,42002.86,14232.95,Person_141,3604325182.0,Sagittarius,Blue,Travel
REC00142,4,22/05/2023,3,1,0,18.7,3.59,200.12,9.03,52588.06,16659.97,Person_142,3562819490.0,Libra,Gray,Hiking
REC00143,2,23/05/2023,3,0,0,18.2,,203.6,10.15,36345.03,11951.26,Person_143,3496473229.0,Cancer,Red,Reading
REC00144,7,24/05/2023,0,0,0,23.1,3.0,193.82,7.7,43655.99,13980.2,Person_144,3043593171.0,Cancer,Pink,Cinema
REC00145,5,25/05/2023,2,1,0,32.0,2.91,208.25,7.04,55571.95,19540.45,Person_145,3273079071.0,Aquarius,Purple,Gardening
REC00146,1,26/05/2023,3,0,0,25.5,3.48,206.51,11.87,28671.34,9754.61,Person_146,3576596684.0,Aries,Purple,Music
REC00147,1,27/05/2023,2,0,0,18.8,3.07,219.26,6.2,35421.47,11361.58,Person_147,3809021741.0,Aries,White,Photography
REC00148,9,28/05/2023,6,0,0,21.7,3.31,,4.32,50124.63,16367.1,Person_148,3514725254.0,Aquarius,Gray,Travel
REC00149,6,29/05/2023,0,0,0,25.9,3.12,210.41,6.99,35900.36,12148.4,Person_149,3304765383.0,Aquarius,Orange,Cinema
REC00150,1,30/05/2023,4,1,0,29.0,3.78,,8.28,58699.29,18809.1,Person_150,3192841905.0,Taurus,Gray,Cinema
REC00151,15,31/05/2023,5,1,0,24.9,3.31,205.2,7.78,48214.35,15465.46,Person_151,3293572823.0,Cancer,Blue,Travel
REC00152,16,01/06/2023,0,0,0,10.7,3.5,206.13,,23215.95,7805.87,Person_152,3413605992.0,Leo,Green,Reading
REC00153,20,02/06/2023,3,1,0,11.1,3.23,207.29,7.29,37979.24,13546.43,Person_153,3719338756.0,Sagittarius,Gray,Gaming
REC00154,12,03/06/2023,6,0,1,,3.67,209.69,6.82,56482.89,19886.2,Person_154,3405296411.0,Aries,Red,Gaming
REC00155,7,04/06/2023,2,0,0,28.2,3.59,195.46,7.07,50418.95,17552.24,Person_155,3824767895.0,Gemini,Yellow,Gaming
REC00156,3,05/06/2023,0,0,0,6.6,3.32,215.48,5.88,24329.11,8397.17,Person_156,3767072110.0,Capricorn,Green,Cinema
REC00157,18,06/06/2023,1,0,0,24.4,3.36,209.7,8.82,31668.96,11090.42,Person_157,3224056546.0,Cancer,Purple,Gardening
REC00158,2,07/06/2023,0,0,0,,3.44,203.63,6.94,31272.18,10558.25,Person_158,3958219164.0,Gemini,Purple,Cooking
REC00159,7,08/06/2023,6,0,0,24.0,3.66,194.31,5.34,48229.92,15091.63,Person_159,3587644902.0,Virgo,Red,Photography
REC00160,16,09/06/2023,0,0,0,8.8,3.08,,8.25,33053.71,11257.97,Person_160,3585377906.0,Gemini,Yellow,Cooking
REC00161,13,10/06/2023,3,0,0,24.6,3.49,208.35,7.61,42687.95,14937.76,Person_161,3059989285.0,Taurus,Gray,Cinema
REC00162,3,11/06/2023,6,0,1,26.6,3.22,187.43,,48373.87,15746.43,Person_162,3000491677.0,Gemini,Yellow,Sports
REC00163,10,12/06/2023,1,0,0,10.5,3.73,159.76,5.68,40890.99,13141.65,Person_163,3261373666.0,Leo,Red,Cinema
REC00164,1,13/06/2023,2,0,0,18.8,2.54,219.07,,38213.69,12669.65,Person_164,3223874144.0,Taurus,White,Music
REC00165,18,14/06/2023,1,0,0,19.8,3.54,199.14,10.61,35713.09,12082.68,Person_165,3918712913.0,Cancer,Yellow,Gardening
REC00166,7,15/06/2023,1,0,0,14.2,3.12,189.55,4.43,38478.73,12111.25,Person_166,3967348636.0,Scorpio,Gray,Reading
REC00167,10,16/06/2023,6,1,0,29.9,2.9,192.88,8.34,53961.93,19162.03,Person_167,3138662497.0,Capricorn,Blue,Gardening
REC00168,6,17/06/2023,1,1,0,19.1,3.76,193.87,6.26,65104.56,21813.91,Person_168,3434132415.0,Pisces,Pink,Cinema
REC00169,12,18/06/2023,1,1,0,23.1,3.42,182.86,7.49,58248.75,18727.01,Person_169,3665221690.0,Scorpio,Yellow,Travel
REC00170,5,19/06/2023,5,0,1,23.0,3.44,225.39,7.97,51350.18,17907.52,Person_170,3921132271.0,Cancer,Orange,Cooking
REC00171,1,20/06/2023,4,0,0,17.7,3.03,223.51,6.55,44264.57,14214.23,Person_171,3673168442.0,Capricorn,Black,Music
REC00172,6,21/06/2023,2,1,0,31.7,3.48,190.66,5.21,62871.66,22343.64,Person_172,3917195256.0,Virgo,Black,Cooking
REC00173,15,22/06/2023,5,1,0,22.8,3.4,195.49,10.82,49889.69,17610.36,Person_173,3340037167.0,Taurus,Green,Sports
REC00174,13,23/06/2023,1,0,0,15.5,3.39,191.62,9.45,43053.93,14333.7,Person_174,3276445853.0,Virgo,Black,Sports
REC00175,19,24/06/2023,6,0,0,19.6,3.11,202.68,9.27,43225.13,13949.97,Person_175,3818479749.0,Capricorn,Purple,Cooking
REC00176,19,25/06/2023,3,0,0,17.0,3.36,191.22,2.91,41813.76,13076.24,Person_176,3291220461.0,Scorpio,Red,Reading
REC00177,14,26/06/2023,3,0,0,6.4,3.53,186.84,4.8,32886.07,11414.65,Person_177,3835952976.0,Taurus,Pink,Hiking
REC00178,8,27/06/2023,4,1,0,12.4,2.77,208.71,6.13,55477.9,17356.56,Person_178,3492460972.0,Aries,Red,Photography
REC00179,19,28/06/2023,4,1,0,12.0,3.91,204.86,8.11,52936.21,18774.82,Person_179,3428578506.0,Sagittarius,White,Reading
REC00180,7,29/06/2023,2,0,0,22.9,3.05,194.99,,39013.54,12348.27,Person_180,3864616848.0,Libra,Green,Cinema
REC00181,10,30/06/2023,0,0,0,20.2,,211.19,7.07,32615.36,11011.58,Person_181,3230742520.0,Sagittarius,Red,Music
REC00182,1,01/07/2023,1,1,0,24.9,3.73,166.18,2.49,62702.05,22031.09,Person_182,3085745039.0,Aries,Purple,Gardening
REC00183,18,02/07/2023,6,0,0,7.8,2.77,215.08,4.31,34056.05,10650.05,Person_183,3384834585.0,Aquarius,Purple,Cinema
REC00184,20,03/07/2023,2,1,0,18.4,3.39,197.96,7.39,64566.1,22300.77,Person_184,3540762107.0,Aquarius,Purple,Gaming
REC00185,15,04/07/2023,6,1,1,22.8,3.37,,6.55,59746.92,21101.25,Person_185,3556146535.0,Cancer,Yellow,Music
REC00186,18,05/07/2023,0,1,0,8.4,3.94,181.69,7.69,41641.37,13693.92,Person_186,3406001002.0,Cancer,Orange,Gaming
REC00187,1,06/07/2023,5,0,0,27.2,3.49,160.71,6.37,40878.13,14036.63,Person_187,3239414519.0,Scorpio,Gray,Cooking
REC00188,17,07/07/2023,1,1,0,10.9,3.1,184.48,,48067.6,17119.17,Person_188,3666561792.0,Sagittarius,Blue,Cooking
REC00189,4,08/07/2023,4,0,0,16.4,2.77,188.39,8.91,41480.45,13131.43,Person_189,3941103568.0,Scorpio,Black,Cooking
REC00190,19,09/07/2023,2,1,0,13.6,3.6,191.88,6.15,57003.69,17867.47,Person_190,3518573436.0,Gemini,Green,Hiking
REC00191,20,10/07/2023,0,0,0,0.6,2.67,201.89,10.53,28044.0,9960.67,Person_191,3019989770.0,Pisces,Gray,Photography
REC00192,2,11/07/2023,4,0,0,33.6,3.38,179.4,6.76,48113.92,15097.1,Person_192,3202269190.0,Libra,Red,Music
REC00193,2,12/07/2023,3,1,0,4.9,4.1,185.79,7.25,48812.32,16011.71,Person_193,3362716609.0,Taurus,Black,Music
REC00194,9,13/07/2023,3,0,0,30.2,3.09,206.85,6.57,37247.46,12926.63,Person_194,3582807011.0,Aries,Orange,Reading
REC00195,13,14/07/2023,4,0,0,13.6,3.7,208.79,6.63,42380.45,14246.94,Person_195,3175179034.0,Taurus,Gray,Sports
REC00196,2,15/07/2023,3,0,0,25.0,3.7,174.83,3.57,40252.25,13540.56,Person_196,3090595341.0,Aries,Gray,Cinema
REC00197,17,16/07/2023,0,0,0,21.4,2.79,193.53,7.95,33159.78,11070.84,Person_197,3324405146.0,Sagittarius,Yellow,Music
REC00198,13,17/07/2023,3,0,0,19.7,2.78,190.33,8.32,31384.51,10781.28,Person_198,3641531661.0,Aquarius,Blue,Gaming
REC00199,13,18/07/2023,4,0,0,3.1,3.01,211.28,6.61,40598.36,14422.05,Person_199,3238118264.0,Cancer,Red,Reading
REC00200,16,19/07/2023,6,0,0,12.8,2.8,205.54,5.05,52768.63,17029.62,Person_200,3454625412.0,Aries,White,Reading
REC00201,2,20/07/2023,5,1,0,40.0,2.78,217.4,4.32,60045.87,19897.71,Person_201,3159348259.0,Aquarius,Blue,Cinema
REC00202,7,21/07/2023,6,0,0,,3.01,,6.01,55672.4,17417.24,Person_202,3509979028.0,Taurus,Yellow,Cooking
REC00203,1,22/07/2023,5,0,0,16.9,3.38,209.58,4.83,53797.27,18467.81,Person_203,3366858453.0,Cancer,Purple,Reading
REC00204,15,23/07/2023,1,1,0,16.1,3.07,192.79,6.84,50308.31,16216.48,Person_204,3244926332.0,Virgo,Yellow,Gardening
REC00205,19,24/07/2023,3,0,0,24.9,3.56,222.19,9.19,44654.39,15781.96,Person_205,3093148998.0,Virgo,Pink,Cinema
REC00206,18,25/07/2023,0,0,0,17.7,3.33,191.45,3.3,39403.4,13498.52,Person_206,3143161389.0,Virgo,Purple,Sports
REC00207,19,26/07/2023,4,1,0,16.8,3.12,210.98,8.83,40424.98,13437.65,Person_207,3619356483.0,Taurus,Yellow,Photography
REC00208,15,27/07/2023,4,0,0,9.6,3.23,174.35,5.21,48065.48,15606.83,Person_208,3793580262.0,Leo,Red,Cinema
REC00209,9,28/07/2023,0,0,1,,3.74,197.32,8.77,31330.98,10131.97,Person_209,3992896318.0,Aquarius,Yellow,Travel
REC00210,17,29/07/2023,4,0,0,25.5,3.18,193.7,,39877.36,14097.88,Person_210,3090623649.0,Gemini,Purple,Hiking
REC00211,2,30/07/2023,3,0,0,15.8,3.62,216.91,6.57,43292.88,14227.06,Person_211,3274306813.0,Libra,Blue,Music
REC00212,10,31/07/2023,4,0,0,40.0,3.31,232.33,7.72,51584.88,18023.5,Person_212,3908795772.0,Gemini,Black,Cooking
REC00213,17,01/08/2023,2,0,0,16.5,3.05,189.77,,38937.38,12223.95,Person_213,3736669222.0,Scorpio,Pink,Cinema
REC00214,5,02/08/2023,5,1,0,9.4,2.8,,5.75,60032.45,19395.85,Person_214,3119745895.0,Taurus,Orange,Cinema
REC00215,1,03/08/2023,3,0,0,5.2,3.88,212.38,7.44,31941.03,10162.72,Person_215,3525867527.0,Taurus,Black,Gaming
REC00216,4,04/08/2023,1,0,0,15.5,3.37,200.89,7.8,33731.24,10977.91,Person_216,3329839810.0,Aries,Yellow,Hiking
REC00217,13,05/08/2023,3,0,0,22.4,3.01,205.43,7.18,43768.29,14260.23,Person_217,3197330181.0,Sagittarius,Orange,Travel
REC00218,6,06/08/2023,5,1,0,,3.51,171.6,9.58,47176.54,16395.13,Person_218,3734691054.0,Taurus,Blue,Cooking
REC00219,4,07/08/2023,1,0,0,12.2,2.7,226.59,7.22,36844.99,12643.09,Person_219,3840623207.0,Aquarius,Yellow,Hiking
REC00220,7,08/08/2023,0,1,0,15.9,2.81,234.85,5.96,59925.77,19120.83,Person_220,3927886712.0,Taurus,Purple,Gardening
REC00221,13,09/08/2023,1,1,0,16.5,3.62,187.1,7.97,49788.53,16241.49,Person_221,3578284969.0,Scorpio,White,Photography
REC00222,10,10/08/2023,1,1,1,23.7,3.47,188.75,7.41,65235.11,20929.06,Person_222,3035584778.0,Sagittarius,Red,Sports
REC00223,9,11/08/2023,0,0,0,24.5,3.41,197.19,9.17,46796.65,14720.23,Person_223,3750778096.0,Sagittarius,Gray,Gaming
REC00224,2,12/08/2023,6,0,0,,3.28,,6.04,43099.3,13700.59,Person_224,3640746629.0,Aries,Orange,Reading
REC00225,14,13/08/2023,3,1,0,20.2,2.64,178.36,8.03,57397.41,19246.74,Person_225,3154939658.0,Pisces,Yellow,Gardening
REC00226,5,14/08/2023,4,1,0,13.6,3.22,196.08,,50886.6,16141.3,Person_226,3915476124.0,Leo,Pink,Sports
REC00227,18,15/08/2023,5,0,0,26.7,3.45,215.12,4.66,40820.69,13241.37,Person_227,3221134715.0,Aquarius,Yellow,Reading
REC00228,14,16/08/2023,3,1,0,32.6,2.97,190.42,7.67,51262.42,18133.77,Person_228,3847579956.0,Aquarius,Red,Sports
REC00229,14,17/08/2023,6,1,0,9.8,2.96,200.12,2.09,73964.17,23285.41,Person_229,3970825347.0,Taurus,Black,Gardening
REC00230,1,18/08/2023,2,0,0,12.8,3.31,222.49,5.53,30791.44,10729.21,Person_230,3870133364.0,Capricorn,Orange,Cinema
REC00231,15,19/08/2023,6,0,0,,3.1,223.58,3.56,54377.34,17492.27,Person_231,3790484119.0,Libra,Blue,Sports
REC00232,15,20/08/2023,5,1,0,3.4,3.54,215.98,6.87,39115.74,13480.34,Person_232,3298157932.0,Aries,Black,Hiking
REC00233,8,21/08/2023,4,0,0,20.4,2.99,202.9,6.77,43482.05,14825.63,Person_233,3823601649.0,Cancer,Yellow,Music
REC00234,18,22/08/2023,3,0,0,13.8,3.77,186.48,10.21,43874.42,14127.78,Person_234,3032991282.0,Scorpio,Pink,Cooking
REC00235,15,23/08/2023,6,0,0,8.6,2.76,232.71,9.02,32774.44,10930.83,Person_235,3610817263.0,Aquarius,Green,Gardening
REC00236,19,24/08/2023,4,0,0,21.0,2.38,197.97,3.79,37646.76,12454.47,Person_236,3674415796.0,Cancer,Orange,Cooking
REC00237,1,25/08/2023,3,0,0,19.2,3.06,172.65,3.02,57084.72,18436.51,Person_237,3513560801.0,Aquarius,Orange,Hiking
REC00238,7,26/08/2023,1,0,0,19.6,3.43,,9.39,34050.15,11155.93,Person_238,3881420958.0,Sagittarius,Gray,Reading
REC00239,2,27/08/2023,2,0,0,17.6,3.44,169.31,7.74,42248.87,14172.24,Person_239,3683901172.0,Aquarius,Black,Music
REC00240,18,28/08/2023,0,1,0,13.0,3.7,188.08,6.9,48807.56,15338.77,Person_240,3989320693.0,Capricorn,Purple,Photography
REC00241,5,29/08/2023,2,1,0,22.2,,189.88,4.67,56667.83,17924.07,Person_241,3005526730.0,Cancer,Green,Sports
REC00242,18,30/08/2023,1,0,0,24.2,2.85,206.55,4.04,42420.59,13732.94,Person_242,3817355269.0,Gemini,Pink,Photography
REC00243,16,31/08/2023,0,1,1,,,212.99,7.1,64593.74,20482.45,Person_243,3019739398.0,Gemini,Green,Music
REC00244,16,01/09/2023,2,0,0,19.0,3.02,222.63,8.96,33794.91,11757.25,Person_244,3543003712.0,Leo,Black,Music
REC00245,8,02/09/2023,3,0,1,7.9,2.69,206.11,,41748.05,14227.41,Person_245,3910336260.0,Virgo,Pink,Cinema
REC00246,7,03/09/2023,5,0,0,6.2,3.06,194.15,8.88,37465.2,13144.39,Person_246,3978664562.0,Taurus,Purple,Travel
REC00247,17,04/09/2023,3,1,0,17.0,2.87,207.09,8.85,49832.71,16023.58,Person_247,3304117146.0,Taurus,Green,Photography
REC00248,16,05/09/2023,0,0,0,24.0,3.14,220.63,9.12,42655.2,13917.63,Person_248,3107861763.0,Scorpio,Black,Travel
REC00249,8,06/09/2023,6,1,0,9.5,3.03,210.32,6.88,38050.28,13552.13,Person_249,3337995991.0,Scorpio,Green,Music
REC00250,6,07/09/2023,2,0,0,,3.39,,9.16,34602.55,11014.15,Person_250,3527229423.0,Libra,White,Sports
REC00251,17,08/09/2023,6,0,0,23.1,3.32,218.78,9.38,34935.52,12417.67,Person_251,3279104419.0,Sagittarius,Yellow,Cooking
REC00252,8,09/09/2023,6,0,0,23.2,3.54,180.54,9.71,38931.66,12901.77,Person_252,3399468598.0,Cancer,White,Cinema
REC00253,14,10/09/2023,3,0,0,14.5,3.22,223.18,6.45,33953.14,11421.42,Person_253,3013511938.0,Libra,White,Hiking
REC00254,1,11/09/2023,3,1,0,20.9,,194.8,9.02,51598.91,16505.52,Person_254,3610059315.0,Libra,Gray,Gaming
REC00255,15,12/09/2023,1,1,0,17.3,3.45,190.75,,54605.56,18291.42,Person_255,3001227847.0,Libra,Red,Photography
REC00256,15,13/09/2023,4,0,0,25.6,2.84,183.97,10.69,41449.72,14077.91,Person_256,3855132004.0,Scorpio,White,Travel
REC00257,2,14/09/2023,5,0,0,11.3,,200.98,9.85,32235.85,10525.02,Person_257,3160141424.0,Taurus,Yellow,Reading
REC00258,18,15/09/2023,4,0,0,14.0,3.29,188.05,7.83,45921.98,14806.58,Person_258,3997304004.0,Taurus,Black,Cinema
REC00259,16,16/09/2023,4,0,0,20.0,2.99,236.06,6.71,39244.18,12527.36,Person_259,3314344255.0,Virgo,Gray,Sports
REC00260,2,17/09/2023,6,0,0,16.2,3.19,215.22,8.7,39464.37,13449.88,Person_260,3234307329.0,Sagittarius,Red,Travel
REC00261,6,18/09/2023,3,1,1,13.6,3.35,210.83,6.94,72475.96,22675.32,Person_261,3150472287.0,Pisces,Orange,Photography
REC00262,4,19/09/2023,0,0,0,,3.41,206.98,,33640.69,11104.72,Person_262,3611622292.0,Leo,Green,Cinema
REC00263,14,20/09/2023,0,1,0,27.5,3.38,191.76,12.8,39130.99,12767.96,Person_263,3635306736.0,Sagittarius,Yellow,Cinema
REC00264,15,21/09/2023,4,0,0,20.5,3.44,,8.92,49922.46,16068.12,Person_264,3002110290.0,Taurus,Green,Cooking
REC00265,3,22/09/2023,1,0,0,20.2,2.83,190.07,8.07,39046.96,12467.73,Person_265,3363078578.0,Libra,Orange,Hiking
REC00266,5,23/09/2023,1,1,0,11.7,3.35,225.74,8.46,53014.36,18111.96,Person_266,3844677327.0,Virgo,Gray,Hiking
REC00267,13,24/09/2023,5,0,0,23.0,3.3,193.97,8.02,45173.02,15545.81,Person_267,3021905229.0,Aquarius,Yellow,Gaming
REC00268,19,25/09/2023,6,0,0,12.3,3.12,205.32,3.28,34582.4,11215.66,Person_268,3700213956.0,Leo,Purple,Reading
REC00269,19,26/09/2023,0,1,0,17.2,3.18,192.64,5.97,48838.67,15401.47,Person_269,3246536322.0,Sagittarius,Blue,Music
REC00270,8,27/09/2023,6,0,0,23.2,3.41,210.65,8.16,41731.28,14839.27,Person_270,3141362062.0,Aquarius,Purple,Music
REC00271,1,28/09/2023,5,1,0,20.7,3.12,205.62,6.31,56567.26,19238.9,Person_271,3450029365.0,Gemini,Purple,Reading
REC00272,19,29/09/2023,4,0,0,8.1,3.09,201.88,8.26,24005.37,8424.5,Person_272,3296538526.0,Sagittarius,Yellow,Cooking
REC00273,19,30/09/2023,1,1,0,9.1,3.26,175.21,6.34,57940.43,18905.77,Person_273,3332854958.0,Aquarius,Blue,Travel
REC00274,9,01/10/2023,3,1,0,8.4,3.54,206.97,,52091.27,16988.79,Person_274,3729242914.0,Libra,Gray,Sports
REC00275,1,02/10/2023,5,0,0,14.0,2.98,207.31,7.24,39399.81,14045.45,Person_275,3809691762.0,Aquarius,Yellow,Hiking
REC00276,4,03/10/2023,3,1,1,15.1,2.95,196.51,7.85,68424.89,21961.84,Person_276,3265021493.0,Pisces,Gray,Photography
REC00277,1,04/10/2023,4,0,1,25.4,3.76,186.11,9.95,50220.79,16690.12,Person_277,3201351684.0,Pisces,Gray,Photography
REC00278,4,05/10/2023,0,0,1,19.1,2.63,191.33,7.01,39405.21,13676.49,Person_278,3893295956.0,Aries,Blue,Gardening
REC00279,11,06/10/2023,6,0,0,22.1,2.8,182.71,13.06,33225.21,10761.7,Person_279,3309878602.0,Scorpio,Yellow,Cinema
REC00280,9,07/10/2023,1,1,0,,3.25,194.48,6.78,54604.65,17366.78,Person_280,3844763074.0,Aquarius,Pink,Cinema
REC00281,11,08/10/2023,4,0,0,13.2,3.16,220.77,4.97,31120.73,10760.22,Person_281,3096473412.0,Taurus,Orange,Sports
REC00282,17,09/10/2023,2,0,0,11.4,3.16,197.9,8.83,45752.22,16300.95,Person_282,3462463362.0,Scorpio,White,Travel
REC00283,11,10/10/2023,5,0,0,7.3,3.4,230.39,3.88,44102.85,13828.78,Person_283,3419076770.0,Scorpio,Red,Travel
REC00284,6,11/10/2023,2,0,0,33.9,3.06,,7.85,50058.23,17144.39,Person_284,3146720071.0,Gemini,Yellow,Cinema
REC00285,11,12/10/2023,3,0,0,18.1,3.53,224.03,6.13,34367.08,11230.41,Person_285,3761150021.0,Capricorn,Green,Cooking
REC00286,12,13/10/2023,2,1,0,12.1,3.49,,5.06,53060.07,17835.33,Person_286,3106894406.0,Pisces,Orange,Reading
REC00287,15,14/10/2023,2,1,0,10.9,2.85,198.62,6.87,55875.77,18415.95,Person_287,3935826367.0,Gemini,Gray,Cinema
REC00288,15,15/10/2023,1,1,0,80.0,2.56,155.98,6.43,53816.97,17169.07,Person_288,3514475255.0,Virgo,Blue,Hiking
REC00289,15,16/10/2023,4,0,0,12.4,2.93,194.06,5.46,33360.71,11425.25,Person_289,3145874848.0,Libra,Yellow,Reading
REC00290,4,17/10/2023,6,0,0,18.3,3.67,204.31,6.77,44939.68,15298.52,Person_290,3830433795.0,Libra,Blue,Sports
REC00291,18,18/10/2023,4,0,0,20.8,3.51,,9.16,33757.06,11893.93,Person_291,3348897000.0,Scorpio,White,Music
REC00292,16,19/10/2023,6,0,0,23.7,,199.27,6.95,48210.68,15964.28,Person_292,3380190105.0,Virgo,Purple,Music
REC00293,5,20/10/2023,2,1,0,23.5,2.59,171.28,6.28,56724.7,17815.55,Person_293,3052000795.0,Virgo,Green,Gaming
REC00294,5,21/10/2023,4,0,0,9.4,3.5,219.0,7.04,30433.41,10390.39,Person_294,3528515476.0,Sagittarius,Green,Gardening
REC00295,8,22/10/2023,0,0,0,12.2,2.4,224.07,8.57,32653.97,10341.63,Person_295,3544900158.0,Capricorn,Blue,Photography
REC00296,20,23/10/2023,6,0,0,,3.44,195.22,,34746.27,12293.93,Person_296,3933063080.0,Pisces,Yellow,Gaming
REC00297,9,24/10/2023,1,1,0,26.3,3.23,193.87,7.42,60243.94,20450.1,Person_297,3292355270.0,Aquarius,Pink,Sports
REC00298,18,25/10/2023,4,0,1,,3.32,202.75,9.92,37961.58,11917.72,Person_298,3558541126.0,Scorpio,Green,Cinema
REC00299,12,26/10/2023,2,1,0,17.1,2.72,177.93,8.61,65712.9,21128.86,Person_299,3367438069.0,Pisces,Black,Gaming
REC00300,13,27/10/2023,3,0,0,4.1,2.9,208.64,8.24,28712.03,10195.17,Person_300,3280058696.0,Pisces,White,Gaming
REC00301,1,28/10/2023,1,0,0,14.5,2.86,194.09,7.12,50078.37,17165.57,Person_301,3089451996.0,Leo,Green,Cooking
REC00302,18,29/10/2023,3,0,0,16.1,,192.91,4.35,48399.44,17084.81,Person_302,3508094771.0,Aries,Purple,Gardening
REC00303,2,30/10/2023,6,1,1,21.9,3.32,186.56,,72494.34,23594.56,Person_303,3536263400.0,Cancer,Blue,Sports
REC00304,3,31/10/2023,6,0,0,,3.73,187.07,6.43,39319.36,13813.56,Person_304,3068528387.0,Gemini,White,Cinema
REC00305,8,01/11/2023,3,0,0,3.5,2.48,221.53,7.48,27928.24,9091.14,Person_305,3490363364.0,Leo,Purple,Music
REC00306,6,02/11/2023,0,0,0,18.8,2.89,197.2,6.27,33884.48,12075.69,Person_306,3693958539.0,Aquarius,Black,Cooking
REC00307,11,03/11/2023,0,0,0,24.5,3.59,,6.97,30472.09,10613.05,Person_307,3860724175.0,Scorpio,Purple,Reading
REC00308,17,04/11/2023,5,0,0,19.2,2.77,209.56,7.73,37453.81,12358.87,Person_308,3707898686.0,Aries,Yellow,Travel
REC00309,19,05/11/2023,6,0,0,13.8,3.23,187.3,4.5,36008.67,11623.65,Person_309,3936476414.0,Capricorn,Black,Cooking
REC00310,19,06/11/2023,6,0,0,20.0,3.37,190.74,,38841.97,13197.26,Person_310,3592583142.0,Aries,Black,Photography
REC00311,5,07/11/2023,6,0,0,17.7,3.46,172.69,5.03,40582.34,14455.55,Person_311,3618898856.0,Gemini,Green,Cinema
REC00312,15,08/11/2023,0,0,0,10.2,,,6.34,29474.01,10386.12,Person_312,3479062102.0,Aquarius,Pink,Photography
REC00313,4,09/11/2023,2,0,0,23.4,2.81,195.37,4.15,43278.04,14616.08,Person_313,3782799861.0,Aquarius,Green,Sports
REC00314,3,10/11/2023,5,1,0,17.0,,194.96,5.16,54652.22,17877.78,Person_314,3702211025.0,Scorpio,Pink,Gardening
REC00315,1,11/11/2023,6,0,0,7.1,4.53,176.13,4.67,34919.65,11227.2,Person_315,3710802375.0,Scorpio,Gray,Gardening
REC00316,6,12/11/2023,1,1,0,,,226.04,8.29,55521.39,19566.93,Person_316,3537718229.0,Aries,Pink,Cinema
REC00317,12,13/11/2023,6,1,0,4.4,2.53,206.94,7.09,46998.11,16023.81,Person_317,3604398181.0,Virgo,Red,Cinema
REC00318,20,14/11/2023,2,0,1,10.6,2.71,196.38,6.96,45267.18,15715.16,Person_318,3607897773.0,Sagittarius,Pink,Cooking
REC00319,19,15/11/2023,5,0,0,12.9,3.14,213.67,,37540.29,13402.05,Person_319,3349684089.0,Scorpio,Green,Photography
REC00320,14,16/11/2023,1,0,1,,3.36,204.26,7.69,50173.34,16523.69,Person_320,3585213271.0,Libra,Purple,Sports
REC00321,7,17/11/2023,1,0,0,21.1,2.86,187.41,5.09,42427.47,13939.68,Person_321,3672609355.0,Cancer,Orange,Gardening
REC00322,12,18/11/2023,1,0,0,13.5,3.62,193.58,4.81,42580.09,15130.13,Person_322,3960328917.0,Leo,Blue,Photography
REC00323,18,19/11/2023,1,1,0,18.3,,209.79,4.65,55075.8,19147.78,Person_323,3518620295.0,Leo,Yellow,Gaming
REC00324,5,20/11/2023,6,0,1,10.0,,201.18,8.29,41687.7,14391.39,Person_324,3178305588.0,Pisces,Orange,Cinema
REC00325,3,21/11/2023,6,1,0,23.1,3.58,201.31,6.5,59841.28,20275.75,Person_325,3830126825.0,Aquarius,Green,Sports
REC00326,15,22/11/2023,1,0,0,18.6,2.33,179.62,,40775.32,14084.82,Person_326,3332859196.0,Aquarius,Red,Gaming
REC00327,14,23/11/2023,6,0,1,,3.25,178.48,6.88,40365.28,13584.48,Person_327,3375395384.0,Pisces,White,Cinema
REC00328,4,24/11/2023,4,1,1,7.5,3.46,211.4,7.24,55745.99,19091.97,Person_328,3316761342.0,Gemini,White,Reading
REC00329,19,25/11/2023,4,0,0,24.6,3.48,174.33,9.51,54022.73,16990.68,Person_329,3386282309.0,Pisces,Blue,Cooking
REC00330,12,26/11/2023,5,0,0,22.8,,215.31,8.2,34168.24,11114.57,Person_330,3747029586.0,Cancer,Black,Hiking
REC00331,16,27/11/2023,5,0,1,12.8,2.53,226.04,9.04,41873.93,14598.08,Person_331,3531380018.0,Scorpio,White,Sports
REC00332,1,28/11/2023,4,0,0,22.6,3.02,171.23,7.43,32864.46,10449.28,Person_332,3556855079.0,Taurus,Gray,Travel
REC00333,12,29/11/2023,2,0,0,15.0,3.36,198.51,8.34,37856.85,12407.24,Person_333,3424321629.0,Scorpio,Black,Cooking
REC00334,16,30/11/2023,3,1,1,22.4,3.49,209.59,,76661.88,24133.46,Person_334,3297374264.0,Libra,Green,Gaming
REC00335,15,01/12/2023,1,1,0,23.4,,174.97,3.96,66094.04,22389.62,Person_335,3402547779.0,Gemini,Blue,Travel
REC00336,20,02/12/2023,5,0,0,33.7,3.66,185.66,9.75,39223.72,13137.17,Person_336,3538428464.0,Scorpio,Orange,Reading
REC00337,1,03/12/2023,4,1,0,11.7,2.17,174.49,7.68,49951.09,16593.28,Person_337,3528614017.0,Cancer,Black,Reading
REC00338,12,04/12/2023,6,0,0,17.6,3.19,186.34,8.24,30208.16,10260.13,Person_338,3264689456.0,Capricorn,Black,Travel
REC00339,2,05/12/2023,3,0,0,25.3,2.84,201.65,4.79,46187.03,15270.55,Person_339,3214979682.0,Gemini,Black,Gaming
REC00340,14,06/12/2023,5,0,0,24.5,2.72,172.94,4.79,42194.43,14616.96,Person_340,3333021621.0,Aquarius,Pink,Photography
REC00341,12,07/12/2023,5,1,0,19.1,3.18,199.0,7.11,61524.7,20469.18,Person_341,3144139605.0,Aquarius,Red,Music
REC00342,6,08/12/2023,0,0,0,6.1,3.15,210.86,6.9,39786.66,13387.95,Person_342,3795182186.0,Sagittarius,Green,Sports
REC00343,16,09/12/2023,6,0,0,14.8,3.56,208.24,,40857.99,13779.61,Person_343,3440801340.0,Libra,Orange,Sports
REC00344,5,10/12/2023,5,0,0,20.1,3.08,214.46,4.74,39361.55,13716.48,Person_344,3191961485.0,Leo,Yellow,Cinema
REC00345,15,11/12/2023,4,0,0,21.1,3.37,196.56,10.34,50325.0,17111.31,Person_345,3117404781.0,Aquarius,Red,Cooking
REC00346,13,12/12/2023,4,0,0,16.0,3.52,,3.87,49546.86,16441.46,Person_346,3553025728.0,Scorpio,White,Travel
REC00347,18,13/12/2023,3,0,0,20.0,2.97,170.41,6.37,38663.53,12103.24,Person_347,3033846032.0,Gemini,Red,Hiking
REC00348,4,14/12/2023,5,0,0,21.4,3.69,213.95,,29395.7,9937.63,Person_348,3921013857.0,Virgo,Pink,Reading
REC00349,17,15/12/2023,0,1,0,26.3,2.92,181.91,6.42,48879.8,17108.11,Person_349,3167229826.0,Virgo,White,Music
REC00350,5,16/12/2023,3,1,0,28.5,3.46,192.96,5.39,60566.69,19780.7,Person_350,3811881465.0,Aries,Orange,Cooking
REC00351,5,17/12/2023,0,0,0,,2.61,167.71,5.78,44327.84,15120.63,Person_351,3787201522.0,Sagittarius,Orange,Music
REC00352,2,18/12/2023,0,1,0,,2.92,,5.28,48908.43,16959.8,Person_352,3390411019.0,Gemini,Green,Gardening
REC00353,16,19/12/2023,0,1,1,28.2,3.77,189.15,8.16,66049.47,21430.54,Person_353,3884999324.0,Pisces,Green,Sports
REC00354,7,20/12/2023,4,1,0,21.2,2.93,192.27,7.29,56959.0,19462.29,Person_354,3705308851.0,Pisces,Gray,Reading
REC00355,12,21/12/2023,6,0,0,,3.75,221.51,6.28,47020.66,15556.88,Person_355,3621242055.0,Libra,White,Gaming
REC00356,14,22/12/2023,3,0,0,10.4,2.79,216.83,8.36,39659.48,13740.64,Person_356,3904871371.0,Aries,Purple,Gardening
REC00357,6,23/12/2023,5,1,0,31.1,2.71,195.17,9.15,64244.99,20516.46,Person_357,3336432197.0,Virgo,Pink,Cooking
REC00358,13,24/12/2023,6,0,0,34.6,4.46,200.71,5.85,38666.8,12933.19,Person_358,3435379756.0,Gemini,Blue,Cinema
REC00359,5,25/12/2023,4,1,0,,3.7,204.63,3.69,59675.79,18861.29,Person_359,3769013206.0,Leo,Green,Gaming
REC00360,10,26/12/2023,1,1,0,11.5,3.43,174.95,4.59,60955.97,21101.67,Person_360,3902881388.0,Aries,Yellow,Reading
REC00361,16,27/12/2023,1,0,0,12.8,3.01,,,27588.42,9662.53,Person_361,3529277400.0,Capricorn,Orange,Travel
REC00362,12,28/12/2023,4,0,0,20.1,3.49,195.1,10.42,35998.84,12294.82,Person_362,3469077819.0,Taurus,Yellow,Reading
REC00363,3,29/12/2023,1,0,1,19.2,3.4,191.75,5.77,63178.93,20477.08,Person_363,3382084140.0,Taurus,Purple,Gaming
REC00364,9,30/12/2023,4,0,0,15.6,3.22,,,41750.85,14001.1,Person_364,3883123319.0,Sagittarius,Orange,Hiking
REC00365,14,31/12/2023,0,0,0,19.9,3.03,,6.81,38775.56,12568.83,Person_365,3058852751.0,Leo,Green,Cooking
REC00366,3,01/01/2023,5,0,0,23.1,3.66,176.44,7.65,37957.7,12999.67,Person_366,3551578246.0,Taurus,Gray,Travel
REC00367,6,02/01/2023,5,0,0,,,215.31,4.32,44540.29,14518.31,Person_367,3481322920.0,Leo,Blue,Hiking
REC00368,6,03/01/2023,0,0,0,21.3,2.74,228.83,7.87,28682.94,9449.07,Person_368,3149465316.0,Cancer,Green,Cooking
REC00369,8,04/01/2023,5,0,0,27.0,3.4,188.05,8.45,37976.82,12492.45,Person_369,3359030905.0,Virgo,Gray,Gaming
REC00370,18,05/01/2023,0,0,0,10.9,3.75,194.63,9.55,31578.12,10950.35,Person_370,3347915825.0,Gemini,Gray,Cooking
REC00371,5,06/01/2023,6,0,0,17.9,3.69,219.9,8.59,42637.32,13925.34,Person_371,3250240136.0,Libra,Green,Photography
REC00372,1,07/01/2023,2,0,0,20.8,3.11,179.0,6.85,39985.87,14103.62,Person_372,3948776978.0,Leo,Black,Music
REC00373,16,08/01/2023,5,0,0,21.0,4.06,226.18,2.97,51284.76,16841.69,Person_373,3466434473.0,Capricorn,Green,Photography
REC00374,15,09/01/2023,5,1,0,17.2,3.25,201.23,5.15,48661.28,17229.2,Person_374,3831834555.0,Aries,Yellow,Music
REC00375,12,10/01/2023,5,1,0,28.1,3.1,196.94,6.72,62469.91,20106.33,Person_375,3715265767.0,Sagittarius,Gray,Hiking
REC00376,18,11/01/2023,0,0,0,26.3,,188.85,7.58,36620.08,12154.36,Person_376,3010689745.0,Taurus,Red,Music
REC00377,6,12/01/2023,6,0,0,24.3,2.77,218.85,6.24,40573.57,13124.4,Person_377,3972563828.0,Cancer,Red,Cinema
REC00378,17,13/01/2023,5,0,0,20.1,3.24,196.87,7.27,49179.04,15809.53,Person_378,3837989214.0,Scorpio,Purple,Reading
REC00379,18,14/01/2023,0,0,0,,3.28,211.03,8.98,34922.38,12418.63,Person_379,3403492600.0,Libra,Black,Hiking
REC00380,14,15/01/2023,2,0,1,11.7,3.22,185.1,10.1,48370.13,16095.55,Person_380,3442948860.0,Virgo,Purple,Cooking
REC00381,4,16/01/2023,2,1,0,20.6,2.88,,6.7,65987.83,20759.89,Person_381,3404904643.0,Taurus,Gray,Reading
REC00382,14,17/01/2023,0,1,0,,3.63,179.13,6.81,50860.49,16948.54,Person_382,3335254867.0,Aries,Gray,Gaming
REC00383,7,18/01/2023,6,1,0,20.8,3.35,207.91,10.1,54567.74,17494.75,Person_383,3518723232.0,Scorpio,Blue,Gaming
REC00384,13,19/01/2023,3,0,0,16.0,3.25,175.04,6.27,34735.05,11157.87,Person_384,3529745244.0,Virgo,Pink,Reading
REC00385,8,20/01/2023,3,0,0,32.4,3.06,190.74,5.58,44143.66,15100.28,Person_385,3779362517.0,Taurus,Red,Hiking
REC00386,17,21/01/2023,5,0,1,11.3,3.12,198.94,5.36,55793.91,18331.2,Person_386,3576781808.0,Libra,Gray,Gaming
REC00387,15,22/01/2023,4,1,0,18.2,3.29,,8.28,62479.34,21928.94,Person_387,3805233672.0,Taurus,Pink,Photography
REC00388,12,23/01/2023,0,1,0,11.7,3.34,202.4,11.56,46410.27,16491.87,Person_388,3015192998.0,Scorpio,Orange,Travel
REC00389,10,24/01/2023,2,1,0,29.0,3.66,235.35,4.34,62930.81,20964.79,Person_389,3208579292.0,Virgo,Red,Cooking
REC00390,4,25/01/2023,4,0,0,8.2,2.75,188.17,7.38,29883.58,10043.93,Person_390,3869430434.0,Gemini,Purple,Travel
REC00391,19,26/01/2023,4,1,1,17.0,3.61,203.92,5.9,72212.53,22611.29,Person_391,3927893386.0,Gemini,Pink,Sports
REC00392,20,27/01/2023,1,0,0,21.1,3.53,,9.28,29438.87,10166.4,Person_392,3716317640.0,Pisces,Pink,Music
REC00393,18,28/01/2023,1,0,0,16.6,3.67,195.4,6.7,48862.1,16107.93,Person_393,3114069901.0,Taurus,Orange,Sports
REC00394,11,29/01/2023,4,0,1,13.9,2.93,202.83,6.41,49342.88,16344.84,Person_394,3512484646.0,Libra,Blue,Cooking
REC00395,8,30/01/2023,2,0,0,10.2,2.97,187.43,7.47,30773.36,10856.18,Person_395,3327254148.0,Libra,White,Travel
REC00396,9,31/01/2023,3,1,0,16.5,3.3,183.87,8.76,58870.89,18852.27,Person_396,3709494264.0,Taurus,Yellow,Cinema
REC00397,12,01/02/2023,3,0,0,12.3,,201.32,9.13,30745.58,9620.7,Person_397,3091361384.0,Aquarius,White,Cinema
REC00398,15,02/02/2023,0,0,0,21.1,2.8,195.13,4.17,51116.43,17066.31,Person_398,3614731655.0,Aquarius,Red,Hiking
REC00399,19,03/02/2023,3,0,0,11.7,2.99,198.62,4.04,31869.96,11302.14,Person_399,3899063817.0,Sagittarius,Purple,Hiking
REC00400,8,04/02/2023,5,1,0,17.8,3.87,182.32,7.96,61500.08,19506.14,Person_400,3105759955.0,Leo,Pink,Photography
REC00401,14,05/02/2023,0,1,0,13.2,3.38,197.27,7.21,53588.67,18492.74,Person_401,3559203180.0,Virgo,Green,Travel
REC00402,14,06/02/2023,6,0,0,36.0,3.08,163.79,5.33,50135.05,15905.23,Person_402,3825938978.0,Taurus,White,Music
REC00403,3,07/02/2023,0,0,0,16.5,2.49,208.07,7.54,38740.61,12335.27,Person_403,3617787894.0,Gemini,Green,Gardening
REC00404,1,08/02/2023,5,0,0,29.4,2.7,178.72,7.49,48447.73,15825.9,Person_404,3558180857.0,Scorpio,Black,Music
REC00405,9,09/02/2023,1,1,0,23.1,3.76,205.97,,55487.37,17600.94,Person_405,3607415929.0,Scorpio,Black,Hiking
REC00406,17,10/02/2023,3,0,0,,3.84,166.67,,31584.37,11202.38,Person_406,3679074476.0,Virgo,Pink,Cooking
REC00407,1,11/02/2023,3,1,0,,2.94,190.65,8.07,51993.66,16569.35,Person_407,3643102003.0,Taurus,Black,Cooking
REC00408,3,12/02/2023,3,1,1,,3.44,231.43,6.76,66924.23,22581.12,Person_408,3613349959.0,Taurus,Purple,Travel
REC00409,19,13/02/2023,1,0,0,19.0,3.54,203.27,8.09,36844.67,12011.14,Person_409,3221020880.0,Leo,Orange,Cooking
REC00410,6,14/02/2023,2,0,0,24.7,3.02,190.99,11.57,35866.53,12020.46,Person_410,3793254340.0,Capricorn,White,Cinema
REC00411,3,15/02/2023,5,0,0,18.3,3.01,176.63,5.72,41676.25,13543.18,Person_411,3362846310.0,Aquarius,Yellow,Travel
REC00412,7,16/02/2023,5,0,0,6.3,3.32,202.0,6.77,32741.93,11144.61,Person_412,3649170138.0,Leo,White,Reading
REC00413,16,17/02/2023,3,0,0,11.4,3.4,,3.67,45999.77,15668.75,Person_413,3675277816.0,Cancer,Red,Reading
REC00414,6,18/02/2023,6,1,0,22.6,,204.13,9.04,45990.28,15938.25,Person_414,3692222349.0,Leo,Yellow,Cinema
REC00415,1,19/02/2023,6,1,0,31.2,2.45,195.34,7.37,60385.8,20041.21,Person_415,3297901625.0,Leo,Yellow,Travel
REC00416,15,20/02/2023,1,0,0,,3.16,192.78,9.8,34326.75,11651.79,Person_416,3377462261.0,Cancer,Gray,Music
REC00417,12,21/02/2023,2,0,0,12.1,2.94,184.32,,39115.25,12818.22,Person_417,3773760486.0,Gemini,Black,Cooking
REC00418,20,22/02/2023,5,0,0,14.3,3.58,191.43,9.04,48826.49,16410.58,Person_418,3936724265.0,Capricorn,Red,Gaming
REC00419,5,23/02/2023,6,1,0,27.3,2.63,201.63,6.65,66315.45,20838.21,Person_419,3704497361.0,Libra,Red,Sports
REC00420,10,24/02/2023,6,0,1,,3.98,182.05,7.93,47971.76,15334.26,Person_420,3137867890.0,Aries,Yellow,Reading
REC00421,8,25/02/2023,3,0,0,19.1,4.14,189.37,11.4,37711.24,12445.62,Person_421,3171128862.0,Taurus,Pink,Cooking
REC00422,15,26/02/2023,6,1,0,23.6,2.86,199.68,7.36,60364.47,20097.01,Person_422,3486258804.0,Capricorn,Black,Travel
REC00423,14,27/02/2023,6,0,0,10.9,3.53,179.27,10.44,40618.28,12791.71,Person_423,3685070599.0,Taurus,Black,Cooking
REC00424,1,28/02/2023,6,0,0,9.5,3.1,221.91,3.56,46152.57,16222.6,Person_424,3687719627.0,Libra,Green,Cinema
REC00425,20,01/03/2023,2,0,0,21.0,3.69,203.66,8.76,43447.09,13897.53,Person_425,3712139677.0,Libra,Orange,Gardening
REC00426,3,02/03/2023,6,0,0,4.8,2.94,212.43,6.9,37549.39,13292.2,Person_426,3011781834.0,Scorpio,Gray,Cooking
REC00427,10,03/03/2023,6,0,0,16.0,2.63,181.46,8.16,42410.15,13297.85,Person_427,3726667589.0,Aries,White,Reading
REC00428,15,04/03/2023,6,0,0,25.3,3.0,198.61,7.97,35929.16,11324.02,Person_428,3643604000.0,Taurus,Gray,Reading
REC00429,3,05/03/2023,6,0,0,6.2,2.63,208.78,7.62,37121.93,12409.84,Person_429,3298899894.0,Aries,Yellow,Cinema
REC00430,8,06/03/2023,0,1,0,17.3,2.95,178.89,2.23,51358.4,17965.86,Person_430,3729470391.0,Capricorn,Orange,Cinema
REC00431,5,07/03/2023,0,0,0,,,201.01,10.09,34826.19,12272.96,Person_431,3636502438.0,Aquarius,Gray,Cooking
REC00432,9,08/03/2023,3,0,0,24.6,3.6,184.94,6.48,40134.8,12663.18,Person_432,3124913453.0,Scorpio,Gray,Travel
REC00433,16,09/03/2023,4,0,0,7.1,3.06,,8.11,39246.75,12332.08,Person_433,3582050614.0,Taurus,Pink,Sports
REC00434,2,10/03/2023,1,0,0,29.0,2.91,,5.34,47125.95,16723.27,Person_434,3994950361.0,Aries,Blue,Travel
REC00435,1,11/03/2023,6,0,0,,2.59,206.48,6.1,53517.45,17596.11,Person_435,3250738913.0,Aquarius,Orange,Music
REC00436,10,12/03/2023,6,0,0,23.6,4.14,180.58,7.88,35141.11,11313.15,Person_436,3417944387.0,Leo,Gray,Cinema
REC00437,15,13/03/2023,3,0,0,26.7,3.28,,9.0,55323.95,17865.89,Person_437,3823542508.0,Libra,White,Photography
REC00438,3,14/03/2023,6,0,0,19.2,3.1,210.7,5.38,40956.95,13815.27,Person_438,3970264776.0,Capricorn,Red,Gaming
REC00439,16,15/03/2023,2,0,0,,3.55,176.01,2.0,60616.29,20377.01,Person_439,3157391917.0,Libra,Green,Sports
REC00440,5,16/03/2023,2,0,0,,3.37,,8.65,52792.55,17325.28,Person_440,3650280924.0,Cancer,Black,Cinema
REC00441,18,17/03/2023,5,1,0,22.0,3.68,184.23,7.78,62673.24,19789.77,Person_441,3836978253.0,Aries,Pink,Photography
REC00442,15,18/03/2023,2,0,0,16.5,3.38,201.76,8.68,33010.83,10591.99,Person_442,3024316069.0,Scorpio,Red,Gardening
REC00443,6,19/03/2023,2,1,0,13.3,2.86,196.31,10.94,31199.0,10618.2,Person_443,3531540692.0,Leo,Red,Travel
REC00444,4,20/03/2023,2,0,0,17.1,3.85,184.6,4.85,37200.24,13109.38,Person_444,3883034387.0,Pisces,Orange,Hiking
REC00445,12,21/03/2023,5,0,0,17.6,3.22,198.34,8.65,35609.52,11572.77,Person_445,3166133484.0,Aquarius,Purple,Photography
REC00446,5,22/03/2023,2,1,0,11.0,3.08,219.23,9.47,38375.02,12364.95,Person_446,3649685945.0,Leo,Blue,Music
REC00447,20,23/03/2023,0,0,0,22.5,3.22,202.87,,27856.03,9632.09,Person_447,3402311033.0,Taurus,White,Gardening
REC00448,5,24/03/2023,1,0,0,,2.91,199.08,10.15,36579.45,12220.35,Person_448,3208289629.0,Sagittarius,Blue,Sports
REC00449,16,25/03/2023,4,0,0,17.1,3.17,200.76,4.27,39202.64,13195.04,Person_449,3173090321.0,Libra,Yellow,Gardening
REC00450,3,26/03/2023,3,0,0,18.1,3.36,157.82,8.57,33481.01,11692.05,Person_450,3777353619.0,Sagittarius,Green,Cooking
REC00451,3,27/03/2023,0,0,0,17.6,2.55,160.04,8.69,49403.15,16939.83,Person_451,3699664590.0,Aries,Purple,Cooking
REC00452,10,28/03/2023,2,0,0,28.1,2.67,,5.78,49004.9,15431.23,Person_452,3303838065.0,Aquarius,Red,Sports
REC00453,17,29/03/2023,5,0,0,15.5,3.5,196.08,6.34,43064.22,13651.35,Person_453,3737165107.0,Libra,Gray,Gardening
REC00454,15,30/03/2023,0,0,0,18.3,3.21,171.88,8.1,23851.0,8175.21,Person_454,3536379538.0,Virgo,Yellow,Travel
REC00455,18,31/03/2023,2,0,0,19.9,3.16,217.14,,39473.11,13985.26,Person_455,3664294843.0,Sagittarius,Blue,Sports
REC00456,17,01/04/2023,0,1,0,18.6,3.39,193.31,9.72,51184.53,17294.52,Person_456,3878631713.0,Cancer,Orange,Cinema
REC00457,20,02/04/2023,6,0,1,24.4,3.1,218.58,5.41,50092.12,15818.56,Person_457,3853641899.0,Aries,Green,Travel
REC00458,9,03/04/2023,1,0,0,25.5,2.76,231.55,,35438.12,11901.99,Person_458,3358021748.0,Gemini,Purple,Gaming
REC00459,12,04/04/2023,6,0,1,10.0,3.22,201.68,3.41,53063.03,16955.4,Person_459,3193210097.0,Cancer,Gray,Cinema
REC00460,9,05/04/2023,2,0,0,20.5,3.17,216.0,11.54,28761.51,9155.52,Person_460,3365205833.0,Libra,Purple,Cooking
REC00461,16,06/04/2023,0,0,0,24.1,,183.71,7.08,45762.04,15427.97,Person_461,3018710583.0,Leo,Blue,Sports
REC00462,1,07/04/2023,5,0,0,24.3,4.02,202.3,8.82,24678.97,8102.53,Person_462,3683751076.0,Gemini,Green,Photography
REC00463,5,08/04/2023,0,0,0,24.4,3.38,192.24,4.5,38814.83,12360.65,Person_463,3307847608.0,Scorpio,Gray,Music
REC00464,12,09/04/2023,2,1,0,7.3,3.1,210.79,6.81,56231.46,17683.09,Person_464,3766715600.0,Sagittarius,White,Travel
REC00465,2,10/04/2023,4,1,0,39.1,2.85,202.73,6.8,58927.79,19089.93,Person_465,3916122588.0,Scorpio,Gray,Music
REC00466,4,11/04/2023,2,1,0,16.1,3.93,225.92,7.51,57039.28,19169.55,Person_466,3718166051.0,Aquarius,Blue,Music
REC00467,1,12/04/2023,5,0,0,20.6,2.59,204.75,9.31,40321.87,13601.62,Person_467,3228541013.0,Taurus,Green,Photography
REC00468,4,13/04/2023,2,0,0,27.3,3.07,,5.82,44941.84,15388.92,Person_468,3098540442.0,Libra,Pink,Hiking
REC00469,3,14/04/2023,6,0,0,10.1,2.94,208.18,6.49,39762.32,13420.93,Person_469,3948177736.0,Sagittarius,Green,Gardening
REC00470,19,15/04/2023,5,0,0,,2.94,206.36,8.56,39517.58,12376.04,Person_470,3947320351.0,Taurus,Purple,Photography
REC00471,20,16/04/2023,0,0,0,17.2,,,7.7,30155.65,10633.77,Person_471,3863211152.0,Pisces,Purple,Hiking
REC00472,8,17/04/2023,3,0,1,26.8,,185.07,6.87,40318.01,13801.16,Person_472,3746481361.0,Cancer,Black,Gaming
REC00473,17,18/04/2023,2,1,0,7.8,3.77,217.68,6.06,58186.21,18862.42,Person_473,3342644349.0,Aquarius,Yellow,Cinema
REC00474,1,19/04/2023,6,0,0,,2.84,207.23,5.59,43508.91,13831.43,Person_474,3622686080.0,Libra,White,Cinema
REC00475,5,20/04/2023,1,1,0,22.6,2.75,208.07,8.42,46562.54,15068.04,Person_475,3519528184.0,Sagittarius,Gray,Travel
REC00476,7,21/04/2023,4,1,0,28.8,2.79,219.4,,57119.44,19348.9,Person_476,3481065254.0,Taurus,Blue,Music
REC00477,13,22/04/2023,5,0,0,23.6,2.66,183.54,4.52,48179.2,15809.37,Person_477,3803151813.0,Leo,Red,Hiking
REC00478,19,23/04/2023,6,0,0,15.0,3.51,,5.58,47037.08,15768.22,Person_478,3308211571.0,Pisces,Orange,Photography
REC00479,17,24/04/2023,0,0,0,16.4,3.45,207.55,8.45,43328.5,14049.59,Person_479,3682277418.0,Scorpio,Gray,Cooking
REC00480,7,25/04/2023,1,0,1,17.9,3.12,206.66,7.78,44142.44,15704.59,Person_480,3628364986.0,Taurus,Yellow,Hiking
REC00481,13,26/04/2023,2,0,0,24.2,3.04,228.93,7.9,40924.39,13462.04,Person_481,3179744934.0,Capricorn,Red,Music
REC00482,2,27/04/2023,5,0,0,15.8,2.99,196.29,5.96,38303.91,12893.17,Person_482,3788689270.0,Scorpio,Black,Cooking
REC00483,3,28/04/2023,5,0,0,15.8,2.61,202.62,7.25,43191.62,13851.31,Person_483,3392214991.0,Virgo,White,Music
REC00484,7,29/04/2023,2,1,1,8.1,2.86,223.33,,62049.31,20373.08,Person_484,3723057609.0,Virgo,Black,Sports
REC00485,5,30/04/2023,5,0,0,25.6,3.6,187.26,7.39,35972.13,12341.55,Person_485,3021267351.0,Capricorn,Green,Photography
REC00486,1,01/05/2023,1,0,0,35.7,3.41,189.38,10.83,42815.68,13743.51,Person_486,3097544092.0,Sagittarius,Orange,Reading
REC00487,8,02/05/2023,5,0,0,,2.92,182.15,11.38,45502.2,15733.98,Person_487,3490123992.0,Libra,Gray,Hiking
REC00488,2,03/05/2023,3,0,1,35.3,3.5,,7.91,43711.67,14753.38,Person_488,3082377971.0,Gemini,Pink,Gardening
REC00489,8,04/05/2023,6,0,0,16.9,2.91,195.94,4.81,43316.51,13641.6,Person_489,3919853222.0,Libra,Purple,Cinema
REC00490,14,05/05/2023,2,0,1,14.9,3.1,208.39,,47249.07,15696.86,Person_490,3360735324.0,Aries,Green,Travel
REC00491,17,06/05/2023,6,0,0,30.4,2.86,197.12,7.26,43903.76,14995.13,Person_491,3793459123.0,Cancer,Gray,Cooking
REC00492,14,07/05/2023,6,1,0,39.7,,193.82,6.93,59721.26,18874.73,Person_492,3942278012.0,Taurus,Red,Cinema
REC00493,14,08/05/2023,4,0,0,9.1,3.28,193.69,,33902.89,11825.81,Person_493,3189686872.0,Leo,Pink,Gaming
REC00494,20,09/05/2023,3,1,0,25.8,3.98,224.25,3.06,54580.96,17486.55,Person_494,3512809515.0,Libra,Blue,Sports
REC00495,15,10/05/2023,1,0,0,17.8,3.15,201.37,4.29,45876.7,15965.95,Person_495,3339376188.0,Virgo,Gray,Gaming
REC00496,5,11/05/2023,6,1,0,3.7,3.83,179.13,6.75,61061.49,19197.79,Person_496,3802910055.0,Cancer,White,Travel
REC00497,14,12/05/2023,1,0,0,5.3,2.94,201.89,7.43,44352.24,14538.74,Person_497,3660879404.0,Capricorn,Purple,Photography
REC00498,4,13/05/2023,5,0,0,,3.3,,7.92,49758.71,15582.48,Person_498,3762597933.0,Virgo,Green,Gardening
REC00499,12,14/05/2023,0,0,0,7.3,3.5,,4.65,39562.61,13595.53,Person_499,3152920241.0,Scorpio,Yellow,Photography
REC00500,3,15/05/2023,6,0,0,16.7,3.3,,7.32,45655.51,15944.52,Person_500,3300605258.0,Scorpio,Black,Cinema
REC00501,5,16/05/2023,0,0,0,,3.19,,6.75,32124.17,10668.44,Person_501,3069466913.0,Virgo,White,Gardening
REC00502,8,17/05/2023,4,1,0,15.1,,182.27,6.53,56217.04,19787.91,Person_502,3269120318.0,Virgo,Yellow,Hiking
REC00503,13,18/05/2023,5,0,0,30.0,2.91,211.97,,43645.8,14189.68,Person_503,3388818799.0,Scorpio,Blue,Sports
REC00504,20,19/05/2023,4,0,0,33.3,3.45,196.19,8.18,34763.12,11634.88,Person_504,3672649286.0,Pisces,Yellow,Sports
REC00505,7,20/05/2023,6,0,0,24.5,2.74,,,32989.87,11644.74,Person_505,3365626863.0,Aquarius,White,Travel
REC00506,11,21/05/2023,1,0,1,6.9,2.57,209.13,4.06,50376.13,15959.94,Person_506,3104719798.0,Leo,Red,Cooking
REC00507,19,22/05/2023,2,0,0,23.2,3.77,211.75,6.04,47449.47,15691.77,Person_507,3427217505.0,Aquarius,Purple,Gaming
REC00508,17,23/05/2023,2,0,0,22.6,2.66,199.44,6.12,40491.25,13749.99,Person_508,3730487900.0,Scorpio,Yellow,Cinema
REC00509,12,24/05/2023,0,0,0,-0.2,3.31,222.8,7.21,42475.12,13301.26,Person_509,3395575951.0,Libra,Blue,Gaming
REC00510,5,25/05/2023,2,0,0,18.3,2.54,,6.97,39917.05,12505.32,Person_510,3577302345.0,Aries,Yellow,Cinema
REC00511,10,26/05/2023,1,1,0,20.4,3.02,201.94,2.9,56642.49,18680.66,Person_511,3708731312.0,Cancer,Orange,Gaming
REC00512,18,27/05/2023,4,1,0,10.5,3.06,221.81,3.33,51516.0,18238.67,Person_512,3221783151.0,Leo,Black,Photography
REC00513,8,28/05/2023,1,1,0,4.9,3.26,184.2,6.57,69816.39,22337.45,Person_513,3551830840.0,Scorpio,Red,Cinema
REC00514,8,29/05/2023,0,0,0,11.8,2.39,213.99,,22892.61,7741.58,Person_514,3179263233.0,Aries,Orange,Photography
REC00515,15,30/05/2023,2,0,0,19.3,3.57,211.33,7.26,32479.48,10398.05,Person_515,3910923188.0,Cancer,Gray,Cooking
REC00516,11,31/05/2023,3,0,0,19.1,3.53,208.95,5.56,43507.68,13816.89,Person_516,3316981478.0,Libra,White,Gaming
REC00517,5,01/06/2023,4,1,0,14.7,2.6,201.34,10.75,48825.58,15829.52,Person_517,3024734499.0,Aquarius,Black,Music
REC00518,9,02/06/2023,3,1,1,23.3,3.19,205.45,6.92,54128.13,19124.09,Person_518,3018556786.0,Libra,Yellow,Photography
REC00519,3,03/06/2023,4,1,0,13.9,3.27,207.21,9.27,45407.5,14766.46,Person_519,3589458133.0,Taurus,Blue,Reading
REC00520,13,04/06/2023,3,0,0,4.8,3.39,197.25,6.67,47958.82,16861.93,Person_520,3201152152.0,Scorpio,Red,Cinema
REC00521,11,05/06/2023,2,0,0,27.8,3.34,223.12,9.21,41832.98,13937.23,Person_521,3378189432.0,Leo,Black,Cooking
REC00522,19,06/06/2023,4,0,0,19.4,3.89,199.85,5.64,41478.08,12999.82,Person_522,3699562576.0,Pisces,White,Cooking
REC00523,2,07/06/2023,0,0,0,18.5,3.12,203.14,,29025.49,9917.32,Person_523,3375639868.0,Virgo,Red,Photography
REC00524,18,08/06/2023,5,0,1,0.7,3.51,203.89,6.93,50781.59,18010.95,Person_524,3560229263.0,Virgo,Black,Hiking
REC00525,1,09/06/2023,1,0,0,5.9,2.78,195.67,,23340.41,7314.89,Person_525,3835164399.0,Capricorn,White,Travel
REC00526,5,10/06/2023,1,1,0,20.5,2.72,210.57,9.09,48587.35,17300.02,Person_526,3170638425.0,Taurus,Black,Photography
REC00527,5,11/06/2023,5,0,0,19.8,2.68,190.18,7.14,33849.16,11650.97,Person_527,3837443651.0,Capricorn,Orange,Travel
REC00528,5,12/06/2023,5,0,0,23.5,3.51,193.7,5.89,44779.52,14868.92,Person_528,3226925246.0,Sagittarius,Red,Travel
REC00529,6,13/06/2023,5,0,0,9.0,3.8,185.56,5.03,29992.01,9953.77,Person_529,3641299335.0,Cancer,Blue,Sports
REC00530,10,14/06/2023,6,0,0,3.1,3.61,242.31,6.44,33608.47,11498.4,Person_530,3148646260.0,Capricorn,Orange,Reading
REC00531,10,15/06/2023,2,0,0,16.8,3.1,,2.67,45085.95,14747.87,Person_531,3873258570.0,Taurus,White,Sports
REC00532,12,16/06/2023,3,0,0,17.3,2.61,181.21,8.56,53183.22,17058.45,Person_532,3665747428.0,Pisces,Pink,Gardening
REC00533,1,17/06/2023,2,0,0,19.8,3.18,206.01,7.11,40303.74,12846.38,Person_533,3338479314.0,Sagittarius,Gray,Reading
REC00534,1,18/06/2023,6,0,0,,2.88,197.41,9.78,29983.26,9826.71,Person_534,3071560074.0,Gemini,Orange,Cooking
REC00535,1,19/06/2023,4,0,0,18.3,,181.66,8.45,28964.12,9629.42,Person_535,3045364033.0,Virgo,Purple,Gardening
REC00536,2,20/06/2023,6,1,0,0.5,,179.59,8.58,42920.57,14363.35,Person_536,3534349204.0,Gemini,Black,Photography
REC00537,3,21/06/2023,2,1,0,28.7,2.88,206.75,2.0,64320.48,22165.28,Person_537,3688835213.0,Aries,White,Sports
REC00538,1,22/06/2023,0,1,0,10.4,3.02,184.79,,39891.26,14064.51,Person_538,3178432386.0,Capricorn,Black,Cinema
REC00539,15,23/06/2023,3,0,0,13.7,3.26,,5.86,41825.04,14521.39,Person_539,3938963161.0,Capricorn,Pink,Gaming
REC00540,19,24/06/2023,3,0,0,30.0,3.05,,7.47,48983.35,16865.79,Person_540,3340294184.0,Aries,Black,Gardening
REC00541,10,25/06/2023,6,0,0,4.8,3.12,202.77,8.59,36808.95,12864.89,Person_541,3838851210.0,Capricorn,Orange,Cinema
REC00542,6,26/06/2023,4,1,0,17.4,3.56,182.81,7.77,53188.73,17978.39,Person_542,3957769452.0,Capricorn,Black,Travel
REC00543,5,27/06/2023,1,1,0,27.7,2.97,224.49,6.71,53844.9,17589.76,Person_543,3134088389.0,Pisces,Orange,Reading
REC00544,9,28/06/2023,2,1,0,12.0,3.43,162.19,4.43,62442.71,20244.31,Person_544,3107901083.0,Virgo,White,Gaming
REC00545,5,29/06/2023,1,0,0,32.0,3.89,236.97,5.43,46463.14,14866.59,Person_545,3280815378.0,Virgo,Purple,Travel
REC00546,13,30/06/2023,0,0,0,28.7,3.08,172.59,7.08,27038.03,9334.61,Person_546,3935956966.0,Aquarius,White,Reading
REC00547,4,01/07/2023,2,0,0,22.6,3.4,200.38,,42551.11,14472.92,Person_547,3592689502.0,Gemini,Green,Reading
REC00548,9,02/07/2023,4,0,0,29.0,2.72,198.5,3.25,53567.93,16932.31,Person_548,3634498804.0,Sagittarius,Purple,Hiking
REC00549,8,03/07/2023,1,1,0,,,195.1,5.94,53470.26,17725.56,Person_549,3743826916.0,Aries,Orange,Cinema
REC00550,12,04/07/2023,0,0,0,12.9,3.1,201.08,5.86,32552.02,10846.58,Person_550,3231923691.0,Aries,Gray,Travel
REC00551,3,05/07/2023,3,0,0,34.0,3.87,195.99,8.18,41222.69,14446.11,Person_551,3404103460.0,Libra,Pink,Music
REC00552,2,06/07/2023,1,0,0,5.8,3.42,185.15,4.87,46038.18,15831.55,Person_552,3987713229.0,Libra,Orange,Travel
REC00553,10,07/07/2023,4,1,0,30.0,3.47,184.9,,45942.73,16013.95,Person_553,3733322645.0,Scorpio,Green,Gaming
REC00554,19,08/07/2023,4,0,0,17.3,2.64,,6.65,32230.53,10798.05,Person_554,3290318369.0,Leo,Blue,Hiking
REC00555,17,09/07/2023,6,1,0,28.0,3.79,172.35,,59342.94,18849.38,Person_555,3199499890.0,Scorpio,White,Sports
REC00556,13,10/07/2023,2,0,0,16.5,3.67,210.27,,41140.98,13258.45,Person_556,3494713467.0,Sagittarius,Purple,Sports
REC00557,1,11/07/2023,6,0,0,12.1,2.84,,7.2,34648.01,12327.4,Person_557,3656038753.0,Scorpio,Gray,Gaming
REC00558,18,12/07/2023,5,0,0,26.8,3.22,179.66,7.04,43533.68,14663.33,Person_558,3847958131.0,Virgo,Green,Hiking
REC00559,13,13/07/2023,5,0,0,16.9,3.14,197.62,,38968.67,12560.28,Person_559,3915109037.0,Aries,Purple,Music
REC00560,1,14/07/2023,2,0,0,8.9,3.37,213.35,7.13,35433.04,12575.06,Person_560,3174107995.0,Capricorn,Green,Music
REC00561,7,15/07/2023,6,0,1,32.3,3.95,193.78,10.01,53082.31,16893.25,Person_561,3473644649.0,Aries,Pink,Travel
REC00562,7,16/07/2023,4,1,0,,3.35,207.9,6.86,55122.22,17716.14,Person_562,3834355924.0,Virgo,Yellow,Gardening
REC00563,14,17/07/2023,6,0,0,30.9,2.86,214.47,7.09,53004.19,18191.73,Person_563,3052864165.0,Capricorn,Orange,Music
REC00564,13,18/07/2023,6,0,0,16.6,3.99,178.34,,38382.75,13329.61,Person_564,3174724840.0,Pisces,Black,Cinema
REC00565,3,19/07/2023,2,0,0,12.0,2.26,194.18,8.81,32666.37,11004.79,Person_565,3376464189.0,Scorpio,Red,Sports
REC00566,8,20/07/2023,3,1,0,16.4,3.03,184.37,,51643.37,17518.87,Person_566,3128630452.0,Cancer,Purple,Travel
REC00567,16,21/07/2023,1,1,0,17.7,2.77,205.11,6.24,62889.23,20692.53,Person_567,3203498195.0,Aries,Pink,Gardening
REC00568,19,22/07/2023,4,0,0,18.2,2.97,174.4,5.62,44364.31,14039.84,Person_568,3999858376.0,Virgo,Yellow,Photography
REC00569,9,23/07/2023,3,0,0,20.8,3.79,198.12,8.14,37949.56,13232.21,Person_569,3667537910.0,Pisces,Purple,Cinema
REC00570,20,24/07/2023,2,1,0,22.1,3.13,185.76,,56772.33,19969.0,Person_570,3484830248.0,Capricorn,Orange,Cooking
REC00571,5,25/07/2023,0,1,0,,3.26,225.22,7.88,36874.7,12733.8,Person_571,3676700006.0,Scorpio,Pink,Travel
REC00572,1,26/07/2023,3,0,0,22.5,2.71,,5.93,42993.21,14503.37,Person_572,3102628006.0,Gemini,Green,Cooking
REC00573,15,27/07/2023,3,0,0,40.0,3.41,205.4,,44150.87,15153.58,Person_573,3378173983.0,Aquarius,Gray,Reading
REC00574,16,28/07/2023,3,0,0,24.0,3.81,202.86,8.29,49009.66,16053.95,Person_574,3353298068.0,Taurus,White,Gardening
REC00575,15,29/07/2023,2,0,0,8.3,3.41,191.3,6.44,31006.4,9972.96,Person_575,3084031603.0,Pisces,Orange,Gardening
REC00576,10,30/07/2023,2,1,0,19.2,3.0,211.38,2.65,53274.8,17987.86,Person_576,3656342791.0,Cancer,Yellow,Cinema
REC00577,19,31/07/2023,3,0,0,,3.55,197.99,7.79,44451.13,14968.98,Person_577,3957852730.0,Libra,Black,Cooking
REC00578,8,01/08/2023,3,0,0,17.4,2.99,,5.75,53046.3,16876.11,Person_578,3516382463.0,Libra,White,Hiking
REC00579,5,02/08/2023,1,1,0,19.1,3.27,207.29,7.82,53261.5,16971.04,Person_579,3711610943.0,Gemini,Blue,Hiking
REC00580,20,03/08/2023,6,0,0,,3.15,194.98,9.75,42953.54,14107.71,Person_580,3054137666.0,Aquarius,Blue,Hiking
REC00581,9,04/08/2023,3,1,0,4.8,,187.61,4.4,58324.43,19985.12,Person_581,3645282983.0,Taurus,Pink,Cooking
REC00582,16,05/08/2023,2,0,1,30.3,2.69,206.43,6.19,51818.16,16694.08,Person_582,3273725502.0,Scorpio,White,Photography
REC00583,10,06/08/2023,1,1,0,16.1,3.05,,4.46,74284.53,24219.87,Person_583,3242519729.0,Libra,Orange,Sports
REC00584,10,07/08/2023,4,0,0,15.1,2.77,192.6,9.64,34746.86,12167.54,Person_584,3213287146.0,Aries,Gray,Photography
REC00585,17,08/08/2023,4,0,0,14.1,,206.46,9.84,29817.88,10306.73,Person_585,3991812238.0,Libra,Gray,Hiking
REC00586,4,09/08/2023,6,1,0,15.7,3.28,189.25,5.22,55474.06,19105.26,Person_586,3771947849.0,Capricorn,Purple,Cooking
REC00587,10,10/08/2023,5,1,0,,3.84,,,49044.75,16521.22,Person_587,3425370575.0,Scorpio,Green,Music
REC00588,1,11/08/2023,1,0,0,24.1,2.85,201.81,3.93,37438.61,12808.92,Person_588,3782574658.0,Virgo,Pink,Hiking
REC00589,20,12/08/2023,3,0,0,12.2,4.01,176.64,9.09,35335.04,11672.09,Person_589,3793671324.0,Gemini,White,Reading
REC00590,3,13/08/2023,3,1,0,13.8,3.76,181.14,9.46,50705.67,15870.47,Person_590,3769737741.0,Scorpio,Yellow,Music
REC00591,16,14/08/2023,1,0,1,9.9,3.48,186.11,5.91,48564.32,16305.54,Person_591,3161213879.0,Leo,Red,Sports
REC00592,8,15/08/2023,3,1,0,25.1,3.34,189.96,6.78,60142.3,18884.95,Person_592,3058374535.0,Libra,Gray,Gardening
REC00593,5,16/08/2023,6,0,0,26.5,,190.35,8.15,33974.44,12016.65,Person_593,3072051315.0,Aries,White,Hiking
REC00594,2,17/08/2023,5,0,1,19.1,3.14,166.41,3.03,41698.18,13289.59,Person_594,3638581587.0,Taurus,Black,Gardening
REC00595,5,18/08/2023,6,0,0,30.5,3.57,,8.46,46064.09,14512.61,Person_595,3122988442.0,Taurus,Red,Gardening
REC00596,5,19/08/2023,4,0,0,23.3,,210.65,10.31,33169.85,10950.63,Person_596,3964915011.0,Gemini,Pink,Gardening
REC00597,7,20/08/2023,4,0,0,23.1,3.76,200.75,6.72,29491.47,9531.95,Person_597,3461038899.0,Libra,Purple,Gaming
REC00598,6,21/08/2023,6,0,0,10.1,3.32,220.95,6.67,44346.88,15699.05,Person_598,3788469794.0,Pisces,Red,Cooking
REC00599,1,22/08/2023,4,0,0,20.5,2.98,203.51,7.05,42437.94,14225.18,Person_599,3452205857.0,Sagittarius,Pink,Travel
REC00600,8,23/08/2023,5,0,0,10.4,3.28,201.95,5.6,33396.65,11118.18,Person_600,3869386346.0,Virgo,White,Cooking
REC00601,17,24/08/2023,2,1,0,7.0,3.44,198.61,9.93,48413.43,15449.24,Person_601,3903186216.0,Taurus,Yellow,Photography
REC00602,5,25/08/2023,3,0,0,11.1,3.42,166.06,5.05,49419.93,15565.31,Person_602,3714872237.0,Scorpio,Purple,Gardening
REC00603,14,26/08/2023,1,0,0,8.4,2.98,193.43,11.13,30992.74,10743.37,Person_603,3960912840.0,Aries,Yellow,Photography
REC00604,8,27/08/2023,3,0,0,12.1,3.84,233.28,5.44,44153.3,14452.77,Person_604,3009501683.0,Pisces,Black,Hiking
REC00605,18,28/08/2023,4,0,0,10.4,3.3,187.28,7.72,34689.01,11680.84,Person_605,3753578451.0,Pisces,Purple,Hiking
REC00606,12,29/08/2023,3,0,0,,3.3,214.13,7.26,33575.15,11144.75,Person_606,3075563292.0,Pisces,Blue,Gaming
REC00607,10,30/08/2023,1,1,0,9.9,3.04,195.86,4.4,61010.9,21260.61,Person_607,3437687493.0,Virgo,Gray,Cinema
REC00608,10,31/08/2023,6,0,0,19.0,2.78,202.5,7.14,48129.45,16165.84,Person_608,3721658426.0,Libra,Red,Reading
REC00609,6,01/09/2023,0,1,0,31.5,3.44,187.77,6.57,41999.21,13990.04,Person_609,3439985213.0,Scorpio,Red,Music
REC00610,14,02/09/2023,5,1,0,2.7,2.65,201.69,11.48,46962.76,16319.65,Person_610,3946757919.0,Scorpio,Yellow,Cinema
REC00611,17,03/09/2023,1,0,0,23.8,2.53,216.34,8.18,43685.71,14295.91,Person_611,3522545622.0,Taurus,Gray,Cooking
REC00612,14,04/09/2023,3,0,0,18.3,3.15,,9.36,40866.82,12938.84,Person_612,3021704412.0,Aquarius,Yellow,Travel
REC00613,9,05/09/2023,2,0,0,15.1,3.75,207.89,3.26,41891.24,14495.06,Person_613,3195427481.0,Leo,Black,Photography
REC00614,10,06/09/2023,3,0,0,13.3,2.57,190.08,9.47,34073.46,10913.81,Person_614,3766155270.0,Leo,Purple,Photography
REC00615,17,07/09/2023,4,0,0,,2.92,186.26,4.43,46077.74,15115.96,Person_615,3953299448.0,Aquarius,White,Hiking
REC00616,3,08/09/2023,1,0,0,25.1,3.12,172.07,5.25,36049.44,11857.39,Person_616,3274627591.0,Libra,Green,Gaming
REC00617,17,09/09/2023,0,1,0,6.2,2.59,208.96,7.79,48211.77,15272.8,Person_617,3940306656.0,Libra,Green,Reading
REC00618,9,10/09/2023,2,1,0,12.1,2.36,188.49,8.43,59623.86,19844.52,Person_618,3228087711.0,Cancer,Orange,Music
REC00619,2,11/09/2023,0,0,0,15.5,2.75,216.0,8.54,20704.35,7328.74,Person_619,3121743699.0,Aquarius,Orange,Reading
REC00620,10,12/09/2023,5,0,0,12.4,3.11,203.48,,42500.53,13785.45,Person_620,3867853745.0,Pisces,Blue,Gardening
REC00621,15,13/09/2023,2,0,0,16.8,,228.41,11.06,25211.24,8174.98,Person_621,3656674157.0,Leo,White,Cinema
REC00622,5,14/09/2023,4,0,0,23.0,2.74,189.53,4.66,51592.54,16873.24,Person_622,3377413851.0,Sagittarius,White,Hiking
REC00623,3,15/09/2023,3,1,0,14.5,,,4.99,47198.44,16054.79,Person_623,3597157976.0,Virgo,White,Photography
REC00624,10,16/09/2023,5,0,0,,3.72,179.34,8.68,34565.77,12119.8,Person_624,3221094403.0,Pisces,White,Cooking
REC00625,10,17/09/2023,3,0,0,11.6,3.1,190.08,6.13,26996.45,8596.32,Person_625,3070322101.0,Gemini,Gray,Hiking
REC00626,11,18/09/2023,2,1,0,17.6,,208.19,8.63,56268.61,18474.77,Person_626,3750119053.0,Gemini,Black,Travel
REC00627,6,19/09/2023,2,1,0,11.5,3.03,194.67,4.52,54032.82,17192.4,Person_627,3364461020.0,Sagittarius,Blue,Photography
REC00628,16,20/09/2023,6,0,0,17.2,,210.17,7.21,38446.43,13590.49,Person_628,3510648510.0,Scorpio,Blue,Sports
REC00629,14,21/09/2023,0,0,0,14.5,3.63,209.89,,34731.28,11608.66,Person_629,3228200319.0,Pisces,Orange,Travel
REC00630,19,22/09/2023,4,0,0,25.3,3.11,168.34,6.29,35047.79,12288.3,Person_630,3991381003.0,Aries,Blue,Sports
REC00631,12,23/09/2023,5,0,0,8.2,2.57,192.86,7.72,41577.89,14037.4,Person_631,3699634320.0,Aquarius,Orange,Reading
REC00632,17,24/09/2023,4,0,0,25.0,2.96,170.34,12.58,28051.61,9362.48,Person_632,3427499311.0,Aries,Pink,Reading
REC00633,20,25/09/2023,4,0,1,17.3,3.63,211.43,4.6,57919.31,19579.63,Person_633,3187583685.0,Taurus,Orange,Gaming
REC00634,12,26/09/2023,3,0,0,17.0,3.21,194.57,,34707.74,11149.91,Person_634,3698967416.0,Cancer,Green,Cinema
REC00635,9,27/09/2023,2,1,1,29.9,3.36,196.7,8.46,67198.26,22516.6,Person_635,3633382745.0,Taurus,Black,Gaming
REC00636,7,28/09/2023,3,1,0,5.6,,184.15,4.22,51049.05,18020.32,Person_636,3376939528.0,Capricorn,Black,Music
REC00637,9,29/09/2023,0,0,0,17.2,3.25,191.84,7.28,33978.03,10800.39,Person_637,3223261450.0,Scorpio,Pink,Hiking
REC00638,11,30/09/2023,3,1,0,17.4,3.01,192.85,5.98,52515.2,18226.01,Person_638,3271266689.0,Cancer,Orange,Cinema
REC00639,19,01/10/2023,2,1,1,23.3,3.23,171.51,5.81,59437.81,19517.05,Person_639,3464577932.0,Aries,Gray,Cinema
REC00640,10,02/10/2023,2,0,0,21.9,3.93,177.92,7.95,46172.02,16189.3,Person_640,3973346680.0,Aquarius,Black,Gaming
REC00641,15,03/10/2023,5,0,0,25.9,2.5,208.54,6.15,45443.08,15073.99,Person_641,3731993144.0,Scorpio,Orange,Music
REC00642,6,04/10/2023,1,0,0,23.9,3.05,192.99,6.96,41186.38,14461.58,Person_642,3594893897.0,Taurus,Blue,Gardening
REC00643,20,05/10/2023,3,0,0,23.9,3.36,208.69,6.22,50537.02,16536.51,Person_643,3186618796.0,Scorpio,Orange,Reading
REC00644,5,06/10/2023,3,0,0,28.7,,198.97,8.98,48244.15,15395.57,Person_644,3539529415.0,Libra,Blue,Cinema
REC00645,13,07/10/2023,0,0,0,19.4,2.85,,6.68,38930.58,12183.64,Person_645,3331009012.0,Leo,White,Photography
REC00646,7,08/10/2023,1,0,0,15.5,3.29,192.43,4.94,39317.47,13794.12,Person_646,3099086758.0,Taurus,Yellow,Sports
REC00647,1,09/10/2023,6,0,0,24.0,3.58,,7.58,34908.2,11726.14,Person_647,3153452862.0,Scorpio,Orange,Photography
REC00648,14,10/10/2023,2,0,0,,,,7.16,34759.55,11577.43,Person_648,3706990094.0,Pisces,Orange,Photography
REC00649,19,11/10/2023,1,0,0,11.4,2.08,177.83,9.11,35303.91,11215.62,Person_649,3696284259.0,Scorpio,Yellow,Travel
REC00650,6,12/10/2023,3,0,1,24.5,3.24,217.59,8.77,51747.96,16364.03,Person_650,3097000608.0,Aquarius,Red,Music
REC00651,13,13/10/2023,3,0,0,15.2,3.19,199.3,3.77,43783.11,15211.46,Person_651,3900018513.0,Scorpio,Purple,Music
REC00652,14,14/10/2023,4,0,0,12.0,,217.16,5.0,48593.31,17173.43,Person_652,3660603394.0,Libra,Green,Gaming
REC00653,16,15/10/2023,2,0,0,18.5,3.0,196.73,6.98,34860.48,0.0,Person_653,3585023256.0,Taurus,Green,Sports
REC00654,2,16/10/2023,2,0,0,29.3,3.04,,8.89,44369.91,13903.82,Person_654,3838246790.0,Libra,Yellow,Sports
REC00655,15,17/10/2023,2,0,0,17.0,4.05,216.43,8.96,34038.57,11706.0,Person_655,3359508058.0,Gemini,Blue,Music
REC00656,14,18/10/2023,3,0,0,33.6,3.42,,9.2,32322.59,11050.3,Person_656,3590451533.0,Libra,Orange,Hiking
REC00657,16,19/10/2023,4,0,0,16.4,3.79,184.47,9.88,33773.93,10773.35,Person_657,3172404532.0,Capricorn,Pink,Cooking
REC00658,6,20/10/2023,6,1,0,26.6,3.46,193.07,5.67,53801.33,16920.89,Person_658,3699619693.0,Sagittarius,Black,Gaming
REC00659,8,21/10/2023,1,0,0,6.2,3.53,174.07,6.89,33840.31,11805.27,Person_659,3185551705.0,Pisces,Green,Travel
REC00660,9,22/10/2023,3,1,0,5.2,3.14,203.96,5.72,69000.64,22560.32,Person_660,3492362445.0,Virgo,Black,Reading
REC00661,18,23/10/2023,0,0,0,12.9,,192.62,,30574.21,10332.76,Person_661,3354498869.0,Leo,Pink,Travel
REC00662,20,24/10/2023,2,1,0,18.9,3.07,,6.45,58993.87,19079.04,Person_662,3715155949.0,Virgo,Pink,Cooking
REC00663,1,25/10/2023,1,0,0,11.2,2.87,173.02,6.09,43480.83,15279.08,Person_663,3413466756.0,Libra,Yellow,Gaming
REC00664,19,26/10/2023,5,0,0,24.1,4.25,195.81,2.97,38014.3,12642.86,Person_664,3790587421.0,Sagittarius,Blue,Cinema
REC00665,5,27/10/2023,5,0,0,24.9,3.04,177.29,5.82,35323.94,12083.03,Person_665,3987134851.0,Aquarius,Pink,Travel
REC00666,14,28/10/2023,0,1,0,12.1,2.0,198.8,8.06,44582.46,15743.27,Person_666,3210584531.0,Aquarius,Blue,Gardening
REC00667,4,29/10/2023,0,0,0,10.9,3.12,214.37,6.36,26793.97,9551.51,Person_667,3521490761.0,Virgo,Blue,Photography
REC00668,14,30/10/2023,3,0,0,23.6,3.06,,3.03,45500.39,16163.31,Person_668,3709379734.0,Sagittarius,Green,Music
REC00669,14,31/10/2023,0,0,0,23.1,3.68,,3.55,48505.95,15985.71,Person_669,3842245781.0,Gemini,Yellow,Travel
REC00670,10,01/11/2023,2,1,0,12.5,4.04,191.07,9.53,59412.65,19756.05,Person_670,3030497411.0,Gemini,Blue,Music
REC00671,5,02/11/2023,3,0,0,32.6,3.38,185.85,7.83,51015.09,16272.75,Person_671,3017480264.0,Gemini,Purple,Travel
REC00672,19,03/11/2023,3,0,0,10.5,2.91,196.66,7.31,49392.17,16292.84,Person_672,3549002839.0,Libra,Green,Cooking
REC00673,5,04/11/2023,6,0,1,7.9,2.41,188.95,8.93,39371.95,13736.92,Person_673,3258048707.0,Aquarius,Yellow,Sports
REC00674,13,05/11/2023,0,0,0,13.0,3.39,172.64,5.72,34851.92,12308.61,Person_674,3048557947.0,Scorpio,Gray,Reading
REC00675,19,06/11/2023,2,0,0,31.2,,224.11,5.29,50376.88,17847.76,Person_675,3872982368.0,Gemini,Orange,Cooking
REC00676,12,07/11/2023,5,0,0,24.3,3.6,188.05,10.76,37939.65,13208.77,Person_676,3661197920.0,Aries,Blue,Travel
REC00677,17,08/11/2023,3,1,0,12.7,3.79,215.39,7.75,54033.84,17624.1,Person_677,3347353203.0,Capricorn,Green,Gardening
REC00678,15,09/11/2023,5,0,0,18.9,3.39,209.57,7.17,31973.76,11136.07,Person_678,3004357440.0,Taurus,Yellow,Gardening
REC00679,2,10/11/2023,3,0,0,14.3,3.65,208.87,,40993.8,12870.72,Person_679,3943027662.0,Virgo,Blue,Hiking
REC00680,2,11/11/2023,3,0,0,26.5,2.94,178.36,,34631.33,12352.83,Person_680,3150274274.0,Scorpio,White,Photography
REC00681,18,12/11/2023,0,0,0,10.2,3.17,197.08,5.67,42012.24,13245.81,Person_681,3337294012.0,Virgo,Red,Gaming
REC00682,19,13/11/2023,2,1,0,20.0,2.6,196.84,7.33,67210.56,21168.88,Person_682,3811367228.0,Sagittarius,Green,Cooking
REC00683,7,14/11/2023,6,1,0,12.6,3.01,206.17,10.05,58395.15,18480.72,Person_683,3686278411.0,Aquarius,Pink,Sports
REC00684,4,15/11/2023,3,1,0,4.2,3.22,209.5,8.19,46054.05,15737.08,Person_684,3100253954.0,Leo,Orange,Hiking
REC00685,12,16/11/2023,6,0,0,11.1,3.25,200.43,,41806.83,14137.51,Person_685,3041693986.0,Pisces,Orange,Reading
REC00686,17,17/11/2023,0,0,0,13.7,,199.69,6.77,36445.37,12698.69,Person_686,3221250065.0,Libra,Orange,Photography
REC00687,1,18/11/2023,1,0,0,27.0,2.94,175.89,,37909.44,12167.45,Person_687,3985677188.0,Sagittarius,Orange,Gaming
REC00688,5,19/11/2023,1,0,0,,2.96,,2.81,45665.88,15311.08,Person_688,3323129945.0,Gemini,Yellow,Cinema
REC00689,4,20/11/2023,3,0,0,15.6,4.03,193.61,5.54,37986.21,12827.71,Person_689,3876073554.0,Aquarius,Blue,Travel
REC00690,2,21/11/2023,2,0,1,8.9,2.0,173.89,6.66,44642.49,14499.01,Person_690,3271573742.0,Capricorn,Green,Photography
REC00691,7,22/11/2023,6,0,0,32.7,3.46,212.74,6.76,40299.15,13608.81,Person_691,3066796143.0,Taurus,Orange,Reading
REC00692,20,23/11/2023,0,0,0,15.0,,182.92,8.05,23933.44,8290.38,Person_692,3903980161.0,Pisces,Purple,Photography
REC00693,10,24/11/2023,3,1,0,9.0,2.71,192.71,8.37,51511.97,16953.62,Person_693,3378899977.0,Scorpio,Yellow,Hiking
REC00694,9,25/11/2023,2,0,0,14.2,,218.03,7.44,40761.51,13185.13,Person_694,3567037995.0,Gemini,Purple,Travel
REC00695,13,26/11/2023,3,0,0,20.4,3.68,200.93,7.81,50352.64,16129.37,Person_695,3608963593.0,Gemini,Orange,Travel
REC00696,7,27/11/2023,2,1,1,3.9,3.84,183.29,8.55,61421.23,19237.45,Person_696,3709657896.0,Scorpio,Red,Cinema
REC00697,19,28/11/2023,0,0,0,26.9,2.9,203.43,6.73,30963.83,11022.57,Person_697,3462548226.0,Sagittarius,Purple,Cinema
REC00698,13,29/11/2023,2,0,0,27.0,,,5.26,42219.94,14821.99,Person_698,3134010734.0,Taurus,Yellow,Hiking
REC00699,1,30/11/2023,6,0,0,13.7,4.03,,5.22,39267.2,13212.77,Person_699,3286899931.0,Leo,Black,Travel
REC00700,14,01/12/2023,0,0,0,24.4,2.89,175.9,12.12,23700.68,8086.92,Person_700,3872822891.0,Aries,Yellow,Sports
REC00701,20,02/12/2023,1,1,0,3.2,3.33,203.83,5.96,53596.02,18172.24,Person_701,3250090498.0,Sagittarius,Green,Travel
REC00702,1,03/12/2023,0,0,0,14.2,3.73,184.7,8.54,26678.79,9109.7,Person_702,3050654986.0,Aquarius,Gray,Travel
REC00703,12,04/12/2023,5,1,0,28.0,2.62,208.58,,69913.04,21995.85,Person_703,3128368998.0,Pisces,White,Hiking
REC00704,9,05/12/2023,0,1,0,,3.72,,8.66,48761.6,15677.85,Person_704,3328850152.0,Taurus,Red,Cinema
REC00705,11,06/12/2023,2,1,0,9.9,2.22,175.12,5.97,55210.72,18142.84,Person_705,3026888948.0,Pisces,Gray,Cinema
REC00706,10,07/12/2023,5,1,0,19.1,3.07,168.83,7.36,46653.17,15786.05,Person_706,3809529423.0,Pisces,Gray,Cooking
REC00707,17,08/12/2023,4,1,0,12.9,2.95,226.18,,71381.28,22373.27,Person_707,3771625950.0,Sagittarius,Pink,Travel
REC00708,5,09/12/2023,3,1,0,0.9,3.29,182.43,8.93,45846.49,15356.36,Person_708,3258338541.0,Pisces,Yellow,Hiking
REC00709,7,10/12/2023,3,1,0,11.3,3.32,214.13,8.16,59292.44,18909.94,Person_709,3381407993.0,Libra,Gray,Music
REC00710,1,11/12/2023,0,0,0,23.2,3.14,192.2,6.51,36645.77,11540.22,Person_710,3426444109.0,Aries,Gray,Travel
REC00711,10,12/12/2023,4,0,0,,,223.34,7.16,45340.1,14463.52,Person_711,3948965219.0,Cancer,Yellow,Gardening
REC00712,4,13/12/2023,6,0,0,11.7,3.31,204.81,6.04,43412.68,13956.38,Person_712,3953860960.0,Aries,White,Sports
REC00713,16,14/12/2023,6,0,0,17.1,3.08,201.65,7.72,43670.3,14239.51,Person_713,3286633423.0,Capricorn,Green,Sports
REC00714,15,15/12/2023,4,0,0,-5.0,3.22,225.9,8.38,33948.62,11344.8,Person_714,3770826473.0,Pisces,Green,Gardening
REC00715,17,16/12/2023,5,0,0,13.6,2.64,194.85,5.04,49431.3,17084.14,Person_715,3391415030.0,Sagittarius,Green,Cooking
REC00716,14,17/12/2023,0,0,0,18.9,2.97,200.34,10.14,28225.35,9149.55,Person_716,3896791777.0,Aquarius,Black,Gaming
REC00717,14,18/12/2023,1,0,0,20.3,,197.17,8.31,44362.4,14221.87,Person_717,3564845117.0,Scorpio,Yellow,Cooking
REC00718,12,19/12/2023,0,1,1,18.0,2.96,186.36,5.12,56791.35,19531.36,Person_718,3968757706.0,Pisces,Blue,Reading
REC00719,5,20/12/2023,2,1,0,13.2,3.12,,7.66,50353.62,16174.96,Person_719,3831586085.0,Sagittarius,Yellow,Reading
REC00720,13,21/12/2023,1,0,0,9.6,3.67,201.48,8.36,34680.89,12298.63,Person_720,3892690010.0,Pisces,White,Music
REC00721,5,22/12/2023,6,0,0,38.2,2.84,218.6,4.45,44549.12,15820.78,Person_721,3294667296.0,Aquarius,Pink,Music
REC00722,17,23/12/2023,0,1,0,13.1,2.6,216.56,6.15,38280.12,13355.13,Person_722,3647621520.0,Aquarius,Purple,Hiking
REC00723,19,24/12/2023,6,1,0,12.4,2.05,208.66,6.1,49441.27,16044.91,Person_723,3081492255.0,Scorpio,Yellow,Cinema
REC00724,18,25/12/2023,4,0,0,,4.32,195.59,6.88,31677.59,10946.24,Person_724,3195314319.0,Scorpio,Green,Gaming
REC00725,6,26/12/2023,2,1,0,-5.0,2.92,191.59,8.77,41724.02,13660.32,Person_725,3540518942.0,Capricorn,Pink,Gaming
REC00726,9,27/12/2023,6,1,0,11.7,3.1,205.63,8.27,47989.52,16168.52,Person_726,3612216289.0,Cancer,White,Photography
REC00727,10,28/12/2023,2,1,0,16.7,3.15,182.03,7.06,42945.65,14899.17,Person_727,3866903307.0,Gemini,White,Travel
REC00728,8,29/12/2023,5,1,0,21.6,4.28,193.22,8.0,62243.13,20365.74,Person_728,3745222669.0,Aries,Yellow,Music
REC00729,19,30/12/2023,4,1,0,12.7,3.3,185.25,3.22,59639.09,19878.28,Person_729,3907040344.0,Scorpio,Pink,Music
REC00730,17,31/12/2023,4,0,0,24.1,3.27,201.95,6.58,41646.05,14080.86,Person_730,3646078256.0,Aquarius,White,Hiking
REC00731,17,01/01/2023,1,0,0,13.7,3.45,205.07,8.07,37497.85,11828.85,Person_731,3914177274.0,Aries,Green,Sports
REC00732,17,02/01/2023,5,0,0,33.0,3.5,189.13,5.13,54757.8,17624.56,Person_732,3409666971.0,Scorpio,Yellow,Cinema
REC00733,6,03/01/2023,3,0,0,31.3,3.72,202.98,8.53,37330.34,13185.43,Person_733,3047636440.0,Scorpio,Pink,Hiking
REC00734,13,04/01/2023,1,0,0,13.6,3.57,238.52,10.36,36434.29,11423.2,Person_734,3261980575.0,Capricorn,Red,Gardening
REC00735,5,05/01/2023,0,1,0,10.1,3.2,180.94,4.54,57578.51,18676.72,Person_735,3053974080.0,Gemini,Green,Gardening
REC00736,16,06/01/2023,1,0,0,27.2,2.65,207.5,5.91,49440.68,17332.47,Person_736,3961028685.0,Libra,White,Photography
REC00737,9,07/01/2023,5,0,0,15.0,3.44,207.59,,38622.14,13080.37,Person_737,3741822777.0,Gemini,Orange,Music
REC00738,3,08/01/2023,5,0,0,17.0,2.56,184.79,6.66,34026.77,10717.55,Person_738,3942078472.0,Sagittarius,Blue,Photography
REC00739,10,09/01/2023,6,0,0,7.3,3.33,199.7,7.32,28943.15,9927.66,Person_739,3552016559.0,Leo,Gray,Gaming
REC00740,10,10/01/2023,4,1,0,25.6,3.33,204.26,9.34,50506.04,17051.74,Person_740,3715097538.0,Gemini,Orange,Photography
REC00741,8,11/01/2023,0,0,0,3.6,2.84,206.18,6.5,19817.44,6218.35,Person_741,3710153335.0,Gemini,Yellow,Reading
REC00742,1,12/01/2023,6,0,1,5.6,3.33,181.31,4.18,53700.18,17669.32,Person_742,3062065867.0,Leo,Blue,Cinema
REC00743,13,13/01/2023,0,0,0,23.4,3.09,186.49,9.25,37235.07,12765.52,Person_743,3920717803.0,Cancer,Green,Gardening
REC00744,15,14/01/2023,6,1,0,19.3,3.43,201.78,6.63,57464.34,17982.14,Person_744,3639869547.0,Gemini,White,Gaming
REC00745,15,15/01/2023,2,0,0,33.0,3.4,164.07,5.66,49116.36,16659.83,Person_745,3583071360.0,Cancer,Blue,Cooking
REC00746,14,16/01/2023,5,0,0,15.8,3.48,205.98,7.64,37945.71,12690.29,Person_746,3105050893.0,Pisces,Blue,Music
REC00747,13,17/01/2023,1,1,0,,3.07,194.0,8.03,65596.16,22360.05,Person_747,3220555238.0,Sagittarius,Gray,Travel
REC00748,6,18/01/2023,1,0,0,,3.37,208.66,6.0,37247.93,12445.89,Person_748,3070963575.0,Cancer,Orange,Travel
REC00749,3,19/01/2023,0,0,0,8.4,3.54,186.67,5.57,46190.98,15161.85,Person_749,3198546827.0,Aquarius,Yellow,Photography
REC00750,6,20/01/2023,3,0,0,16.1,2.59,170.37,9.5,23872.48,7570.51,Person_750,3723616665.0,Leo,Yellow,Cooking
REC00751,15,21/01/2023,2,0,0,,3.63,201.31,7.12,49916.67,15989.73,Person_751,3964331266.0,Aquarius,Purple,Travel
REC00752,4,22/01/2023,2,0,0,17.6,3.39,196.56,10.28,25884.81,8658.96,Person_752,3408339525.0,Aquarius,Purple,Reading
REC00753,4,23/01/2023,6,1,0,16.1,4.04,204.32,5.81,55772.93,18630.18,Person_753,3768653480.0,Aquarius,Orange,Gardening
REC00754,2,24/01/2023,4,0,0,13.3,3.12,197.28,10.23,40308.11,13245.19,Person_754,3523198208.0,Leo,Black,Cooking
REC00755,13,25/01/2023,5,0,0,13.3,3.69,189.85,7.69,41062.97,12950.7,Person_755,3064695515.0,Leo,Yellow,Photography
REC00756,14,26/01/2023,6,0,0,19.6,3.01,171.54,5.72,43984.32,13864.54,Person_756,3670037586.0,Aquarius,Purple,Reading
REC00757,7,27/01/2023,1,0,0,22.1,3.34,225.3,7.13,38908.89,12382.27,Person_757,3603575260.0,Gemini,White,Music
REC00758,4,28/01/2023,2,0,0,,3.21,167.81,8.03,34204.87,11895.0,Person_758,3840343312.0,Leo,Orange,Hiking
REC00759,6,29/01/2023,3,0,0,15.5,4.07,191.37,10.14,34743.19,11214.11,Person_759,3441984391.0,Sagittarius,Orange,Gardening
REC00760,17,30/01/2023,0,1,0,23.9,3.06,187.62,8.25,49736.21,16083.19,Person_760,3606019439.0,Capricorn,Red,Cinema
REC00761,12,31/01/2023,6,0,0,23.2,3.51,192.15,,27955.31,9893.7,Person_761,3104232033.0,Libra,Green,Travel
REC00762,11,01/02/2023,6,0,0,27.1,,,,46471.85,14554.01,Person_762,3580418475.0,Aquarius,Blue,Music
REC00763,9,02/02/2023,5,0,0,20.8,2.82,187.31,,47854.85,15301.04,Person_763,3314756133.0,Libra,Pink,Music
REC00764,19,03/02/2023,2,0,0,23.5,2.92,226.85,5.48,39596.4,12498.35,Person_764,3454390690.0,Capricorn,White,Gardening
REC00765,4,04/02/2023,6,0,0,,2.76,205.05,9.0,31327.08,10895.47,Person_765,3654400065.0,Scorpio,Black,Cinema
REC00766,15,05/02/2023,6,0,0,9.1,3.05,221.44,6.54,46249.79,14683.08,Person_766,3358143572.0,Pisces,Purple,Cooking
REC00767,14,06/02/2023,3,1,1,10.6,3.55,224.66,,57197.17,19829.65,Person_767,3697925856.0,Cancer,Blue,Travel
REC00768,19,07/02/2023,1,0,1,7.7,3.31,202.05,2.0,48516.23,17144.94,Person_768,3886085236.0,Cancer,Pink,Sports
REC00769,5,08/02/2023,2,0,0,,3.88,213.31,5.74,38531.45,13031.19,Person_769,3658577125.0,Leo,Black,Travel
REC00770,13,09/02/2023,6,0,0,26.2,3.35,197.77,9.95,37761.39,12192.05,Person_770,3035785443.0,Virgo,Pink,Photography
REC00771,16,10/02/2023,1,1,0,18.3,2.21,200.42,8.67,55629.87,18284.96,Person_771,3617679404.0,Pisces,Orange,Gardening
REC00772,18,11/02/2023,5,0,0,11.0,3.25,,9.59,33337.27,11045.6,Person_772,3079197918.0,Aries,Blue,Cinema
REC00773,6,12/02/2023,1,1,1,,2.92,,6.88,60673.29,21020.19,Person_773,3257088640.0,Aries,Purple,Reading
REC00774,4,13/02/2023,4,0,0,17.1,2.21,207.61,6.04,44247.63,14825.66,Person_774,3356050250.0,Sagittarius,Orange,Reading
REC00775,10,14/02/2023,4,1,0,4.0,3.98,190.3,5.62,58978.98,18959.85,Person_775,3466106812.0,Capricorn,Blue,Cooking
REC00776,12,15/02/2023,5,0,0,15.1,2.79,175.58,6.4,30159.75,10227.21,Person_776,3550153706.0,Libra,Yellow,Travel
REC00777,4,16/02/2023,5,0,1,17.6,3.32,210.72,8.32,47326.51,15610.17,Person_777,3047134360.0,Virgo,Purple,Photography
REC00778,18,17/02/2023,0,1,1,12.3,2.45,180.42,8.92,62830.96,21306.73,Person_778,3413248426.0,Aries,Blue,Music
REC00779,4,18/02/2023,3,0,1,17.9,3.15,224.12,,58225.77,19424.37,Person_779,3784009339.0,Leo,Gray,Sports
REC00780,10,19/02/2023,3,0,0,12.3,3.79,199.73,4.92,35833.19,12201.96,Person_780,3855095605.0,Taurus,White,Gaming
REC00781,12,20/02/2023,2,1,0,17.7,3.31,208.85,8.82,60631.73,19250.15,Person_781,3176691429.0,Taurus,Orange,Gaming
REC00782,11,21/02/2023,0,0,0,17.8,3.42,206.41,3.65,28441.28,9873.56,Person_782,3190085415.0,Aries,Orange,Cinema
REC00783,6,22/02/2023,1,0,0,25.0,2.96,206.67,4.3,43307.81,14595.81,Person_783,3422560607.0,Virgo,Pink,Cinema
REC00784,5,23/02/2023,1,0,1,12.7,2.58,213.24,6.72,53340.91,17630.73,Person_784,3651447324.0,Aries,Red,Gardening
REC00785,7,24/02/2023,6,0,0,-0.5,,180.77,,33155.37,11656.48,Person_785,3086519236.0,Virgo,Black,Cooking
REC00786,6,25/02/2023,0,1,0,,,209.36,7.22,37974.74,12660.65,Person_786,3694127464.0,Leo,Pink,Cooking
REC00787,5,26/02/2023,1,0,0,,3.7,204.41,8.35,36634.14,12486.69,Person_787,3629720237.0,Aquarius,Green,Sports
REC00788,16,27/02/2023,0,0,0,30.0,2.87,212.61,7.97,42844.18,14652.68,Person_788,3146342400.0,Taurus,Black,Travel
REC00789,9,28/02/2023,6,1,0,15.9,2.75,209.95,,50312.58,16307.11,Person_789,3779624820.0,Gemini,Red,Photography
REC00790,13,01/03/2023,2,0,0,21.1,3.44,196.73,8.06,53443.63,16820.13,Person_790,3724708722.0,Libra,Black,Cooking
REC00791,9,02/03/2023,6,0,0,21.7,3.23,204.04,7.68,41245.9,14238.02,Person_791,3893200900.0,Virgo,White,Photography
REC00792,7,03/03/2023,4,0,0,17.0,3.15,193.96,5.04,34296.85,10917.64,Person_792,3271227909.0,Aries,Yellow,Music
REC00793,3,04/03/2023,5,0,0,13.4,2.87,199.55,,45122.79,14636.71,Person_793,3662616422.0,Capricorn,Yellow,Gaming
REC00794,9,05/03/2023,5,0,0,13.2,3.79,195.44,5.38,47036.91,16210.74,Person_794,3634073517.0,Scorpio,Purple,Hiking
REC00795,7,06/03/2023,2,0,0,14.0,3.43,183.3,9.4,29415.94,10418.33,Person_795,3789868215.0,Gemini,Blue,Travel
REC00796,5,07/03/2023,2,0,0,19.3,3.91,203.47,3.78,44280.14,15117.93,Person_796,3183431694.0,Cancer,Purple,Gardening
REC00797,1,08/03/2023,1,0,0,21.0,3.3,203.86,6.36,37194.99,12686.75,Person_797,3326992804.0,Cancer,Purple,Travel
REC00798,8,09/03/2023,1,0,0,26.3,3.57,,4.29,49785.81,16117.37,Person_798,3341811210.0,Taurus,Orange,Cinema
REC00799,14,10/03/2023,4,0,0,18.0,3.16,178.11,10.64,37639.87,13439.12,Person_799,3272917652.0,Scorpio,Pink,Hiking
REC00800,6,11/03/2023,2,0,1,5.1,3.39,185.6,4.68,53558.42,18870.16,Person_800,3715851067.0,Virgo,Pink,Hiking
REC00801,1,12/03/2023,0,0,0,10.4,3.17,223.16,7.07,40230.0,12863.52,Person_801,3630979386.0,Capricorn,Blue,Cinema
REC00802,9,13/03/2023,1,0,0,16.9,3.67,,5.86,43957.55,14320.69,Person_802,3473590664.0,Virgo,Orange,Cooking
REC00803,5,14/03/2023,2,0,0,23.2,3.23,196.06,5.84,46562.17,16082.05,Person_803,3389548330.0,Virgo,Black,Reading
REC00804,15,15/03/2023,5,0,0,16.0,2.65,,8.24,29362.63,9192.93,Person_804,3664627961.0,Leo,White,Gardening
REC00805,1,16/03/2023,5,1,0,,,197.9,5.49,60965.33,19196.48,Person_805,3072088330.0,Libra,Pink,Cinema
REC00806,2,17/03/2023,3,1,0,18.5,3.87,221.04,7.43,61229.94,20745.8,Person_806,3466565631.0,Virgo,Black,Gardening
REC00807,20,18/03/2023,3,1,0,,2.67,185.13,3.25,54298.59,17911.15,Person_807,3592309327.0,Pisces,Black,Sports
REC00808,18,19/03/2023,3,1,0,18.6,2.67,199.11,5.95,55034.62,18170.3,Person_808,3025202828.0,Sagittarius,Blue,Gaming
REC00809,10,20/03/2023,5,0,0,15.1,3.13,216.75,6.51,37432.26,12801.93,Person_809,3409308050.0,Aries,Yellow,Cooking
REC00810,14,21/03/2023,2,0,0,16.5,3.3,198.45,7.49,38716.53,12158.88,Person_810,3436069158.0,Taurus,Gray,Gaming
REC00811,9,22/03/2023,3,0,0,22.1,2.83,194.48,7.32,39546.1,13169.72,Person_811,3602187470.0,Aries,Yellow,Cinema
REC00812,13,23/03/2023,4,0,0,29.3,3.38,,7.32,42820.68,15145.02,Person_812,3160770919.0,Cancer,Yellow,Hiking
REC00813,3,24/03/2023,1,0,0,26.9,3.49,206.83,8.7,34507.97,11885.82,Person_813,3022773082.0,Scorpio,Black,Gardening
REC00814,14,25/03/2023,3,1,0,23.3,,202.41,6.74,56780.83,17772.98,Person_814,3150207420.0,Libra,Red,Music
REC00815,5,26/03/2023,2,1,0,9.2,3.37,190.94,8.4,41696.54,14889.05,Person_815,3645578586.0,Gemini,Orange,Cinema
REC00816,13,27/03/2023,1,1,0,26.4,3.31,205.1,6.09,45715.03,16295.05,Person_816,3492765190.0,Pisces,Purple,Sports
REC00817,5,28/03/2023,1,0,0,20.2,2.31,210.07,6.03,33030.0,11102.38,Person_817,3968336219.0,Capricorn,Orange,Cooking
REC00818,11,29/03/2023,0,0,0,12.5,2.38,211.78,5.77,25419.37,8873.94,Person_818,3876423976.0,Capricorn,Black,Cooking
REC00819,16,30/03/2023,0,1,0,,,195.78,6.92,42226.06,13508.85,Person_819,3069379680.0,Virgo,Orange,Gardening
REC00820,7,31/03/2023,4,0,0,4.2,2.78,211.63,5.77,34433.86,11191.54,Person_820,3421953243.0,Pisces,Pink,Cooking
REC00821,10,01/04/2023,0,0,0,16.6,3.35,202.68,6.35,31987.35,10579.86,Person_821,3320728381.0,Virgo,Green,Cooking
REC00822,1,02/04/2023,4,0,0,16.9,3.13,,8.09,37671.91,13292.3,Person_822,3693863556.0,Leo,Black,Cinema
REC00823,15,03/04/2023,2,1,0,26.4,3.26,213.28,6.36,58407.2,20741.43,Person_823,3488437150.0,Leo,Green,Music
REC00824,18,04/04/2023,3,1,0,17.8,2.55,188.48,6.57,53673.39,17646.23,Person_824,3433037143.0,Virgo,White,Cooking
REC00825,3,05/04/2023,1,0,0,20.1,3.09,175.52,,41744.01,14877.25,Person_825,3453732589.0,Leo,Blue,Cooking
REC00826,2,06/04/2023,6,0,0,6.9,3.35,190.36,7.67,43965.78,15088.69,Person_826,3568646594.0,Pisces,Red,Cooking
REC00827,14,07/04/2023,2,1,0,18.0,3.74,203.96,6.05,55043.02,18939.0,Person_827,3227274506.0,Sagittarius,White,Cinema
REC00828,2,08/04/2023,0,0,0,11.8,,198.87,3.38,36508.75,12874.82,Person_828,3558239029.0,Cancer,Pink,Gaming
REC00829,19,09/04/2023,0,0,0,20.5,3.06,188.26,6.15,36512.61,12773.41,Person_829,3665352937.0,Aquarius,Green,Photography
REC00830,17,10/04/2023,1,1,0,,3.36,228.47,3.84,64740.01,21635.15,Person_830,3296919215.0,Capricorn,Green,Music
REC00831,18,11/04/2023,1,0,0,26.2,3.58,,4.65,54347.65,18775.34,Person_831,3203174505.0,Scorpio,Pink,Travel
REC00832,13,12/04/2023,6,0,0,25.1,3.88,165.65,8.87,31835.82,10524.11,Person_832,3276296206.0,Leo,Yellow,Gardening
REC00833,18,13/04/2023,6,0,0,33.3,3.1,195.79,,46806.41,15179.85,Person_833,3819957551.0,Leo,Orange,Travel
REC00834,1,14/04/2023,2,0,0,15.6,2.87,211.18,,39853.5,12513.55,Person_834,3819205317.0,Sagittarius,Gray,Reading
REC00835,12,15/04/2023,3,1,0,33.3,2.88,189.33,2.79,65873.82,21054.94,Person_835,3818920963.0,Scorpio,Yellow,Music
REC00836,13,16/04/2023,4,1,0,10.5,3.86,197.02,7.01,60972.39,20926.41,Person_836,3926464569.0,Cancer,Green,Gardening
REC00837,9,17/04/2023,4,0,0,2.6,3.55,197.67,3.67,39377.14,13971.05,Person_837,3577382290.0,Taurus,Purple,Photography
REC00838,2,18/04/2023,3,0,0,,2.91,199.86,8.99,41806.36,13569.9,Person_838,3885719597.0,Taurus,Green,Music
REC00839,20,19/04/2023,4,0,0,17.8,3.29,188.72,10.29,40509.97,13699.79,Person_839,3591609353.0,Sagittarius,Green,Sports
REC00840,13,20/04/2023,3,0,0,14.1,2.92,202.08,4.05,41239.68,13825.31,Person_840,3975452066.0,Taurus,Orange,Gaming
REC00841,6,21/04/2023,0,0,0,9.7,,208.14,7.08,24492.38,8127.46,Person_841,3868056842.0,Aquarius,Pink,Gardening
REC00842,3,22/04/2023,5,0,0,36.2,,209.1,2.85,50127.75,16003.27,Person_842,3166355323.0,Leo,Yellow,Music
REC00843,10,23/04/2023,2,0,0,35.7,3.69,,9.34,38673.6,13522.69,Person_843,3204218312.0,Sagittarius,Purple,Cooking
REC00844,10,24/04/2023,6,0,0,24.8,3.2,186.49,,43670.17,14232.27,Person_844,3523680394.0,Cancer,White,Hiking
REC00845,18,25/04/2023,6,0,0,25.8,2.94,156.78,4.36,47112.74,15081.77,Person_845,3203781113.0,Libra,Green,Photography
REC00846,6,26/04/2023,2,1,1,30.0,,211.57,8.94,60289.88,21056.17,Person_846,3967761307.0,Virgo,Yellow,Music
REC00847,6,27/04/2023,4,0,0,24.7,3.01,197.9,7.29,45720.16,14940.62,Person_847,3810744100.0,Leo,Pink,Photography
REC00848,15,28/04/2023,3,0,0,30.0,2.8,207.65,4.93,43390.97,13973.94,Person_848,3264973208.0,Virgo,Pink,Sports
REC00849,8,29/04/2023,6,1,0,5.6,3.2,181.57,5.63,51075.08,17477.79,Person_849,3833398834.0,Virgo,Green,Sports
REC00850,6,30/04/2023,5,0,0,22.7,2.79,225.21,5.45,34129.35,11805.83,Person_850,3439617778.0,Gemini,Green,Gardening
REC00851,3,01/05/2023,2,0,0,,3.01,188.26,7.18,34496.91,10921.6,Person_851,3803415276.0,Gemini,Red,Hiking
REC00852,11,02/05/2023,3,0,0,2.6,2.97,208.88,6.6,42896.39,14268.83,Person_852,3607087235.0,Pisces,Blue,Sports
REC00853,11,03/05/2023,1,0,0,22.5,3.86,167.45,4.34,38175.91,13015.12,Person_853,3283423348.0,Virgo,Purple,Cinema
REC00854,3,04/05/2023,0,1,0,6.9,2.58,210.07,5.94,39947.35,13826.86,Person_854,3012203642.0,Leo,Red,Cooking
REC00855,16,05/05/2023,1,0,0,18.1,3.39,209.26,4.94,42147.37,13282.42,Person_855,3071100666.0,Taurus,Pink,Travel
REC00856,15,06/05/2023,1,0,0,25.3,,205.82,,47567.84,15832.54,Person_856,3974989340.0,Leo,Pink,Gardening
REC00857,4,07/05/2023,3,0,0,30.3,3.5,200.62,5.01,37831.87,12018.86,Person_857,3464633618.0,Virgo,Green,Hiking
REC00858,13,08/05/2023,3,1,0,11.9,3.1,,7.84,63124.76,20141.04,Person_858,3127717492.0,Taurus,Green,Music
REC00859,8,09/05/2023,3,0,0,25.2,,225.32,10.23,44285.41,14953.86,Person_859,3138337750.0,Aquarius,Gray,Gardening
REC00860,5,10/05/2023,4,1,0,14.0,2.84,205.57,7.03,53214.29,16741.61,Person_860,3176760756.0,Sagittarius,Blue,Travel
REC00861,18,11/05/2023,0,1,0,12.0,3.07,204.11,4.55,47354.23,15087.05,Person_861,3183414390.0,Capricorn,White,Gardening
REC00862,13,12/05/2023,3,0,0,28.6,2.6,218.61,9.95,36744.83,11547.9,Person_862,3086810144.0,Libra,Black,Reading
REC00863,8,13/05/2023,5,0,1,18.3,2.84,187.24,3.8,47755.28,16776.59,Person_863,3059673545.0,Pisces,Purple,Gardening
REC00864,4,14/05/2023,6,0,0,37.8,3.56,207.78,6.82,54066.59,17353.33,Person_864,3160676479.0,Libra,Gray,Hiking
REC00865,6,15/05/2023,1,0,0,13.3,2.76,214.33,6.37,41414.48,13746.46,Person_865,3173876506.0,Virgo,Orange,Reading
REC00866,9,16/05/2023,3,0,0,18.8,3.29,185.78,5.97,38030.51,12619.17,Person_866,3778748668.0,Libra,Yellow,Cooking
REC00867,11,17/05/2023,6,0,0,19.7,,197.42,9.85,44207.68,14195.99,Person_867,3228372793.0,Cancer,Orange,Gardening
REC00868,11,18/05/2023,1,1,0,19.1,4.14,220.67,6.94,54992.51,18878.85,Person_868,3710545562.0,Aquarius,Blue,Gaming
REC00869,20,19/05/2023,2,0,0,,3.23,215.39,11.18,31274.43,10283.51,Person_869,3650192296.0,Gemini,Gray,Gaming
REC00870,7,20/05/2023,4,1,0,,3.73,211.7,8.94,56965.63,18328.54,Person_870,3211333780.0,Cancer,Pink,Travel
REC00871,4,21/05/2023,6,0,0,14.8,2.89,221.95,10.39,38272.31,12696.21,Person_871,3344424951.0,Virgo,Gray,Gardening
REC00872,7,22/05/2023,0,0,0,17.2,3.37,197.83,3.9,46437.85,15821.34,Person_872,3111428978.0,Aries,Green,Sports
REC00873,14,23/05/2023,3,1,0,10.9,3.01,209.2,8.27,61709.07,19462.99,Person_873,3120923729.0,Aquarius,Yellow,Reading
REC00874,16,24/05/2023,4,1,1,19.2,3.37,,6.21,64230.2,22257.28,Person_874,3212379336.0,Sagittarius,Red,Gaming
REC00875,11,25/05/2023,5,0,0,16.6,3.36,208.54,6.85,47399.25,16716.92,Person_875,3853705650.0,Leo,Yellow,Music
REC00876,2,26/05/2023,2,1,0,24.5,2.97,180.85,3.8,61061.19,19753.23,Person_876,3223145807.0,Aquarius,White,Gaming
REC00877,2,27/05/2023,0,0,0,12.3,2.73,199.19,6.74,40436.62,13539.81,Person_877,3271017136.0,Leo,Red,Cooking
REC00878,9,28/05/2023,1,0,0,31.8,3.46,196.31,8.1,44901.45,15155.87,Person_878,3116527278.0,Taurus,Purple,Gardening
REC00879,6,29/05/2023,1,1,0,,3.44,196.41,8.89,46571.84,16016.77,Person_879,3244302730.0,Aries,Pink,Gardening
REC00880,4,30/05/2023,4,0,1,24.8,3.43,208.5,9.73,46869.88,16340.59,Person_880,3573641319.0,Sagittarius,White,Reading
REC00881,7,31/05/2023,4,0,0,23.3,2.87,223.05,6.99,45379.56,15920.3,Person_881,3584810392.0,Leo,Red,Sports
REC00882,12,01/06/2023,1,0,0,31.8,3.26,188.12,11.47,35737.41,12150.33,Person_882,3205916150.0,Scorpio,Red,Gaming
REC00883,20,02/06/2023,1,0,0,10.7,3.14,185.71,,40864.28,12861.14,Person_883,3840097824.0,Cancer,Yellow,Cinema
REC00884,18,03/06/2023,1,1,0,18.2,2.93,198.12,5.72,61164.76,20083.6,Person_884,3421019953.0,Cancer,Red,Hiking
REC00885,13,04/06/2023,0,0,0,20.4,2.65,184.1,8.88,37757.26,12601.71,Person_885,3939422759.0,Virgo,Pink,Travel
REC00886,10,05/06/2023,5,1,0,21.5,,209.05,6.2,56364.52,19505.55,Person_886,3387123337.0,Sagittarius,Red,Cinema
REC00887,8,06/06/2023,5,0,0,,2.88,,5.74,46832.98,15166.07,Person_887,3819545992.0,Leo,Pink,Hiking
REC00888,19,07/06/2023,0,0,0,8.4,,184.78,10.54,36194.32,12706.56,Person_888,3746740078.0,Aquarius,Blue,Cooking
REC00889,1,08/06/2023,3,1,0,22.6,3.98,190.59,5.91,57404.74,19079.56,Person_889,3228171957.0,Capricorn,Yellow,Sports
REC00890,13,09/06/2023,2,0,0,1.6,3.58,176.11,5.85,32846.88,11394.38,Person_890,3717973947.0,Gemini,Green,Cinema
REC00891,2,10/06/2023,1,0,0,,3.01,,5.47,36888.66,13020.62,Person_891,3142743338.0,Aquarius,Purple,Cinema
REC00892,17,11/06/2023,5,1,0,27.0,,196.42,5.61,64706.7,21756.86,Person_892,3791435990.0,Gemini,Red,Gardening
REC00893,9,12/06/2023,5,0,0,10.5,3.02,205.53,2.46,48651.93,16830.25,Person_893,3625485246.0,Capricorn,Green,Travel
REC00894,19,13/06/2023,6,0,0,14.1,3.25,200.6,6.71,35956.57,12284.84,Person_894,3288660335.0,Pisces,Red,Hiking
REC00895,5,14/06/2023,1,0,0,25.9,,217.01,5.16,34687.28,12016.34,Person_895,3199163591.0,Scorpio,Purple,Sports
REC00896,10,15/06/2023,0,0,0,14.2,3.19,,5.23,30185.15,9968.13,Person_896,3831428238.0,Capricorn,Orange,Photography
REC00897,16,16/06/2023,0,0,0,25.8,3.05,222.64,5.44,38317.28,12420.67,Person_897,3004197964.0,Capricorn,Yellow,Gaming
REC00898,3,17/06/2023,1,0,0,10.1,3.68,194.27,3.58,39658.9,13937.84,Person_898,3749316836.0,Sagittarius,Orange,Reading
REC00899,18,18/06/2023,1,0,0,32.4,3.26,210.19,9.16,31660.15,10498.04,Person_899,3266733426.0,Cancer,Red,Hiking
REC00900,1,19/06/2023,4,0,0,22.8,2.65,224.48,8.58,26882.03,8812.05,Person_900,3555532023.0,Aries,Red,Gardening
REC00901,7,20/06/2023,3,0,0,30.7,2.62,,7.33,59514.41,19244.18,Person_901,3521262130.0,Pisces,Yellow,Gardening
REC00902,15,21/06/2023,5,1,0,28.0,,219.73,8.72,49940.08,16313.21,Person_902,3192827823.0,Scorpio,Orange,Cinema
REC00903,19,22/06/2023,6,0,0,29.3,3.68,176.09,7.5,37488.6,12563.6,Person_903,3406672852.0,Leo,Yellow,Gaming
REC00904,4,23/06/2023,1,0,0,16.0,2.5,212.04,5.93,45179.93,15592.38,Person_904,3211423601.0,Gemini,Yellow,Hiking
REC00905,5,24/06/2023,4,0,0,12.4,3.28,198.09,3.95,42568.44,14058.98,Person_905,3822727691.0,Aquarius,Green,Cooking
REC00906,4,25/06/2023,1,0,0,19.4,,202.61,6.15,39006.34,12626.07,Person_906,3839464951.0,Aries,Green,Cinema
REC00907,8,26/06/2023,2,0,0,29.6,3.58,191.05,,38199.11,12945.82,Person_907,3863446097.0,Libra,Purple,Gardening
REC00908,3,27/06/2023,4,0,0,16.4,,220.86,5.59,36040.0,12737.76,Person_908,3845652406.0,Sagittarius,Yellow,Cooking
REC00909,6,28/06/2023,5,1,0,17.8,3.2,178.47,4.09,59547.72,20938.29,Person_909,3644445105.0,Aries,Purple,Travel
REC00910,20,29/06/2023,6,0,0,25.4,3.42,199.69,6.63,49030.22,16127.13,Person_910,3431318050.0,Capricorn,Pink,Photography
REC00911,4,30/06/2023,5,0,0,13.4,3.21,194.18,7.28,46112.85,15032.06,Person_911,3777441350.0,Taurus,Purple,Travel
REC00912,15,01/07/2023,6,0,0,18.6,3.58,,,47966.9,16503.88,Person_912,3384410370.0,Scorpio,Blue,Reading
REC00913,2,02/07/2023,0,0,0,9.5,3.6,188.63,7.3,35783.11,12181.39,Person_913,3993801626.0,Sagittarius,Blue,Reading
REC00914,12,03/07/2023,5,1,0,31.6,3.09,217.48,6.21,49546.86,17506.52,Person_914,3604808728.0,Leo,Purple,Reading
REC00915,6,04/07/2023,3,1,0,18.1,3.0,,8.99,52365.79,18426.6,Person_915,3873498977.0,Pisces,Black,Hiking
REC00916,4,05/07/2023,0,1,0,14.3,,194.69,9.37,46896.71,15436.52,Person_916,3322182600.0,Taurus,Red,Gardening
REC00917,16,06/07/2023,2,0,0,10.2,2.28,203.46,3.35,41196.17,13792.94,Person_917,3020404646.0,Sagittarius,Orange,Cinema
REC00918,14,07/07/2023,2,1,0,30.5,3.19,188.35,9.35,53489.97,18659.03,Person_918,3767183645.0,Virgo,Purple,Hiking
REC00919,17,08/07/2023,1,0,0,19.8,3.21,200.93,7.52,42525.35,13960.38,Person_919,3512874809.0,Virgo,Pink,Gardening
REC00920,13,09/07/2023,6,0,0,14.9,3.35,220.29,4.92,50308.39,16703.94,Person_920,3909753213.0,Sagittarius,Black,Cinema
REC00921,6,10/07/2023,2,1,0,23.9,3.47,207.96,,73527.56,23685.44,Person_921,3906108028.0,Aquarius,Blue,Gardening
REC00922,14,11/07/2023,2,0,0,3.3,3.5,182.7,7.66,39248.21,13533.56,Person_922,3171013189.0,Cancer,Pink,Music
REC00923,10,12/07/2023,3,0,0,11.3,3.36,204.06,9.93,20466.36,7297.79,Person_923,3039588425.0,Capricorn,Green,Reading
REC00924,12,13/07/2023,4,1,0,12.9,3.27,217.93,5.39,57097.0,17990.9,Person_924,3880683795.0,Capricorn,Green,Music
REC00925,10,14/07/2023,3,1,0,21.4,3.32,206.67,,41841.51,14922.91,Person_925,3550700551.0,Virgo,Green,Gardening
REC00926,2,15/07/2023,5,0,1,11.6,3.38,197.46,11.26,38539.8,13114.11,Person_926,3689784507.0,Gemini,Purple,Cooking
REC00927,19,16/07/2023,6,0,0,5.8,3.97,190.07,4.87,48592.83,15364.77,Person_927,3201197758.0,Virgo,Blue,Photography
REC00928,19,17/07/2023,4,1,0,26.2,3.36,193.26,6.97,50556.97,17252.35,Person_928,3250042469.0,Aquarius,Purple,Sports
REC00929,16,18/07/2023,4,0,0,24.6,2.8,188.65,,49086.68,16775.47,Person_929,3477965040.0,Virgo,Yellow,Gaming
REC00930,5,19/07/2023,6,0,1,27.7,2.12,196.05,6.57,57347.84,18412.34,Person_930,3541234348.0,Aquarius,Pink,Gaming
REC00931,3,20/07/2023,5,0,0,24.0,3.33,216.15,9.93,30543.13,10679.43,Person_931,3834955607.0,Capricorn,Red,Cinema
REC00932,3,21/07/2023,5,0,0,18.8,3.15,205.74,7.04,37634.83,12013.3,Person_932,3296338314.0,Taurus,Orange,Cinema
REC00933,17,22/07/2023,5,1,0,12.5,2.74,190.91,6.77,59230.39,19036.82,Person_933,3028228885.0,Cancer,Blue,Sports
REC00934,8,23/07/2023,1,0,0,5.2,2.71,155.7,8.92,35408.53,11198.04,Person_934,3577505761.0,Virgo,Red,Cinema
REC00935,12,24/07/2023,6,0,0,17.3,3.21,188.34,5.66,42877.03,14419.0,Person_935,3547864471.0,Aries,Gray,Gardening
REC00936,17,25/07/2023,6,0,0,34.4,3.11,196.62,,39742.04,13078.04,Person_936,3968745898.0,Sagittarius,White,Photography
REC00937,14,26/07/2023,4,0,0,17.1,3.63,170.17,6.48,34280.95,10905.02,Person_937,3177261309.0,Scorpio,White,Photography
REC00938,9,27/07/2023,1,1,0,20.1,3.32,,7.08,55248.52,19385.79,Person_938,3917519622.0,Pisces,Orange,Sports
REC00939,3,28/07/2023,4,0,0,17.5,2.92,175.34,7.97,33323.76,11584.22,Person_939,3910143260.0,Sagittarius,Blue,Sports
REC00940,2,29/07/2023,0,1,0,12.9,,,7.54,32999.18,11698.53,Person_940,3813517331.0,Taurus,Yellow,Reading
REC00941,20,30/07/2023,1,1,0,24.0,3.55,193.02,6.01,61012.6,19234.81,Person_941,3078088353.0,Virgo,Red,Photography
REC00942,14,31/07/2023,0,0,0,,3.36,220.65,4.85,44319.65,14928.24,Person_942,3693382734.0,Libra,Gray,Sports
REC00943,3,01/08/2023,1,0,0,18.8,2.37,178.78,5.4,40534.22,13188.25,Person_943,3398581560.0,Taurus,Pink,Gaming
REC00944,17,02/08/2023,3,0,0,27.7,3.45,222.21,5.46,53992.94,18581.93,Person_944,3747072046.0,Sagittarius,Yellow,Hiking
REC00945,20,03/08/2023,0,0,0,14.6,3.33,221.67,,39608.32,13686.03,Person_945,3287050605.0,Scorpio,White,Reading
REC00946,4,04/08/2023,3,1,0,17.7,2.87,180.72,,54143.29,17334.27,Person_946,3875709205.0,Scorpio,Black,Music
REC00947,12,05/08/2023,1,0,0,15.7,3.59,202.5,5.45,45816.83,15427.58,Person_947,3136275749.0,Pisces,Purple,Hiking
REC00948,15,06/08/2023,1,0,1,23.2,3.5,188.96,5.16,52452.2,18698.97,Person_948,3068269532.0,Capricorn,Purple,Sports
REC00949,8,07/08/2023,3,1,0,3.0,4.03,217.63,7.05,57257.11,19332.93,Person_949,3782342387.0,Pisces,Red,Gaming
REC00950,8,08/08/2023,5,1,0,28.3,3.57,200.42,5.49,67258.7,21594.42,Person_950,3749297941.0,Aries,Yellow,Gardening
REC00951,19,09/08/2023,4,0,0,4.5,3.1,191.81,6.16,33114.58,11320.12,Person_951,3636626741.0,Pisces,Yellow,Gaming
REC00952,5,10/08/2023,3,0,0,9.4,,196.8,9.48,33220.98,11520.49,Person_952,3511270128.0,Capricorn,Red,Music
REC00953,1,11/08/2023,0,0,0,16.4,2.89,,9.05,32302.58,10411.72,Person_953,3854114302.0,Taurus,Purple,Hiking
REC00954,7,12/08/2023,1,0,0,10.0,2.62,235.31,8.13,30977.51,9912.79,Person_954,3336561917.0,Taurus,Green,Gaming
REC00955,7,13/08/2023,2,0,0,13.5,3.8,212.49,4.37,47371.29,16096.62,Person_955,3650248684.0,Leo,Purple,Cooking
REC00956,15,14/08/2023,5,0,0,19.2,3.04,208.95,,39599.05,200000.0,Person_956,3210299864.0,Aries,Pink,Cooking
REC00957,3,15/08/2023,5,0,0,16.3,3.2,166.78,5.03,40599.17,13414.68,Person_957,3345006156.0,Scorpio,Red,Sports
REC00958,16,16/08/2023,1,1,0,14.0,2.77,205.0,4.43,70561.77,22900.54,Person_958,3087394244.0,Gemini,Orange,Photography
REC00959,1,17/08/2023,2,0,1,6.9,3.4,,4.39,48233.14,15481.8,Person_959,3968419824.0,Scorpio,Yellow,Music
REC00960,11,18/08/2023,3,1,1,0.6,3.78,215.55,10.83,60506.17,20084.54,Person_960,3162921062.0,Aries,Purple,Photography
REC00961,8,19/08/2023,0,0,0,12.8,3.57,250.0,6.88,41621.14,13200.98,Person_961,3798482353.0,Aries,Gray,Sports
REC00962,16,20/08/2023,6,0,0,15.3,2.97,,6.14,30585.82,10456.6,Person_962,3409049173.0,Capricorn,Purple,Music
REC00963,5,21/08/2023,3,0,0,29.3,2.75,187.66,4.21,50640.48,16069.93,Person_963,3261706818.0,Leo,Gray,Music
REC00964,10,22/08/2023,4,1,0,,3.24,175.51,3.9,61998.18,21041.0,Person_964,3223582323.0,Aquarius,Blue,Photography
REC00965,1,23/08/2023,1,0,0,,3.17,173.56,6.63,43737.44,15522.28,Person_965,3056852564.0,Aquarius,Yellow,Travel
REC00966,20,24/08/2023,2,1,0,4.7,3.34,189.16,6.8,67571.37,21899.48,Person_966,3990164407.0,Leo,Orange,Hiking
REC00967,11,25/08/2023,3,0,0,13.6,3.07,207.41,10.01,41078.17,13132.19,Person_967,3131595155.0,Cancer,Purple,Music
REC00968,2,26/08/2023,5,1,0,31.9,2.76,199.63,4.77,58068.75,19970.69,Person_968,3116189755.0,Leo,Black,Travel
REC00969,5,27/08/2023,2,0,0,11.6,3.23,201.24,9.26,37171.94,11776.17,Person_969,3945834157.0,Taurus,Green,Reading
REC00970,11,28/08/2023,0,0,0,,3.47,166.0,5.98,38414.48,13137.81,Person_970,3713607991.0,Taurus,Blue,Cinema
REC00971,8,29/08/2023,1,0,0,-0.4,,184.24,6.04,39303.92,13189.81,Person_971,3085350034.0,Aquarius,Gray,Cinema
REC00972,19,30/08/2023,1,0,0,12.2,3.83,195.56,,34021.3,10932.67,Person_972,3245965281.0,Sagittarius,Blue,Hiking
REC00973,1,31/08/2023,0,1,0,28.5,3.28,169.55,8.21,56005.06,17961.44,Person_973,3339656889.0,Pisces,Pink,Photography
REC00974,11,01/09/2023,5,0,0,12.7,3.23,193.01,,48441.02,16417.01,Person_974,3705419885.0,Sagittarius,Purple,Sports
REC00975,18,02/09/2023,0,1,0,,2.98,201.27,7.12,54789.69,19261.99,Person_975,3199122384.0,Taurus,Pink,Hiking
REC00976,13,03/09/2023,1,0,0,13.3,2.79,221.22,10.92,38797.51,12394.9,Person_976,3265554312.0,Libra,Gray,Reading
REC00977,19,04/09/2023,1,0,0,27.3,3.58,211.48,6.32,51125.16,16497.2,Person_977,3289685447.0,Gemini,Blue,Music
REC00978,18,05/09/2023,1,1,0,15.7,3.43,,9.97,54030.49,17038.85,Person_978,3471473464.0,Gemini,Pink,Gardening
REC00979,14,06/09/2023,0,0,1,25.7,3.72,190.13,7.37,52032.48,18572.93,Person_979,3231469611.0,Cancer,Purple,Hiking
REC00980,5,07/09/2023,1,1,0,,3.36,,6.34,55689.86,18471.24,Person_980,3559878290.0,Leo,Purple,Gaming
REC00981,11,08/09/2023,6,0,0,32.5,3.58,,5.35,51679.22,16226.89,Person_981,3737770873.0,Taurus,Green,Reading
REC00982,3,09/09/2023,5,0,0,17.4,3.86,203.87,9.95,31880.05,10603.86,Person_982,3797713529.0,Virgo,Red,Cooking
REC00983,12,10/09/2023,6,1,0,,3.22,223.06,7.28,64689.41,20278.43,Person_983,3272097724.0,Leo,Yellow,Cinema
REC00984,14,11/09/2023,5,0,0,,3.16,225.4,7.27,43101.43,14517.17,Person_984,3843312801.0,Pisces,Purple,Sports
REC00985,17,12/09/2023,0,0,0,1.1,3.01,218.81,7.94,24201.54,8265.92,Person_985,3031251145.0,Pisces,Red,Travel
REC00986,19,13/09/2023,4,0,0,9.3,2.5,184.85,6.43,49567.43,16075.85,Person_986,3538453499.0,Pisces,Black,Travel
REC00987,11,14/09/2023,3,1,0,14.4,2.49,180.24,6.82,64077.04,21933.12,Person_987,3228567322.0,Gemini,Pink,Photography
REC00988,4,15/09/2023,3,1,0,6.7,2.8,202.28,7.51,52418.47,18015.28,Person_988,3581411957.0,Taurus,Pink,Sports
REC00989,13,16/09/2023,0,0,0,5.1,3.0,192.47,11.41,17924.01,5773.63,Person_989,3435211598.0,Taurus,Red,Photography
REC00990,10,17/09/2023,3,0,0,16.6,3.54,222.87,9.99,42803.77,13707.35,Person_990,3116444962.0,Aries,Gray,Gardening
REC00991,6,18/09/2023,1,0,0,11.2,2.72,189.8,7.32,35265.03,12570.73,Person_991,3279639362.0,Capricorn,Red,Travel
REC00992,4,19/09/2023,1,0,1,23.9,3.3,177.56,10.08,53541.82,18824.62,Person_992,3953805712.0,Gemini,Pink,Sports
REC00993,9,20/09/2023,3,0,0,23.3,2.86,186.86,6.03,47628.9,15861.33,Person_993,3839275813.0,Aquarius,Green,Music
REC00994,8,21/09/2023,5,0,0,12.2,3.89,168.22,5.34,39076.68,13737.39,Person_994,3475978331.0,Gemini,Purple,Cooking
REC00995,17,22/09/2023,0,1,0,22.4,3.96,185.06,3.73,53642.57,18863.95,Person_995,3359884333.0,Leo,Gray,Gaming
REC00996,15,23/09/2023,2,1,0,24.7,3.18,221.17,9.8,55786.58,17523.99,Person_996,3713750237.0,Leo,Pink,Reading
REC00997,7,24/09/2023,2,0,0,9.4,2.96,,3.22,32991.66,11399.69,Person_997,3373974374.0,Aries,Purple,Gaming
REC00998,10,25/09/2023,6,0,1,28.3,2.87,204.93,5.93,53980.96,18499.16,Person_998,3456822535.0,Cancer,Yellow,Cinema
REC00999,5,26/09/2023,6,0,0,12.3,3.18,197.84,6.11,35542.33,11964.51,Person_999,3037565000.0,Scorpio,Blue,Music
REC01000,20,27/09/2023,5,1,0,13.7,2.95,196.22,7.88,59219.51,19156.46,Person_1000,3937946866.0,Capricorn,Yellow,Sports
REC01001,20,28/09/2023,4,0,0,9.9,2.0,194.27,7.95,42890.7,15160.63,Person_1001,3008417307.0,Leo,White,Reading
REC01002,1,29/09/2023,1,0,0,17.7,3.52,196.56,7.23,45031.33,14957.09,Person_1002,3577824180.0,Virgo,Gray,Gaming
REC01003,7,30/09/2023,3,0,1,12.1,3.43,,3.26,64144.09,20150.21,Person_1003,3408198194.0,Aries,Green,Hiking
REC01004,17,01/10/2023,5,0,1,22.9,2.79,178.14,6.97,48382.11,15981.68,Person_1004,3431635975.0,Gemini,Orange,Sports
REC01005,18,02/10/2023,5,0,0,,3.58,214.14,8.61,41731.96,13538.93,Person_1005,3301191367.0,Gemini,Blue,Travel
REC01006,19,03/10/2023,0,0,0,15.2,3.18,201.06,6.42,38352.09,13223.73,Person_1006,3880374414.0,Cancer,Green,Photography
REC01007,1,04/10/2023,0,1,0,5.3,2.86,199.99,,55997.99,17898.37,Person_1007,3383554204.0,Aquarius,White,Cooking
REC01008,19,05/10/2023,5,0,0,21.5,,203.35,3.66,47620.24,14943.66,Person_1008,3749830402.0,Aquarius,Blue,Travel
REC01009,15,06/10/2023,4,0,0,13.7,2.94,194.5,4.13,44920.64,15092.36,Person_1009,3423431212.0,Aquarius,Purple,Hiking
REC01010,19,07/10/2023,2,0,0,12.1,2.64,228.81,5.99,49890.59,16501.66,Person_1010,3110081979.0,Scorpio,Yellow,Music
REC01011,9,08/10/2023,1,0,0,16.5,,182.55,6.38,35051.64,10960.5,Person_1011,3005542221.0,Cancer,White,Travel
REC01012,8,09/10/2023,3,1,0,,3.22,,10.02,58021.81,20201.96,Person_1012,3421371283.0,Aries,Red,Cooking
REC01013,2,10/10/2023,4,0,1,-0.4,3.07,239.44,3.88,51181.69,16993.95,Person_1013,3369480269.0,Cancer,Gray,Travel
REC01014,15,11/10/2023,2,0,0,22.1,3.55,,10.63,40596.47,13212.79,Person_1014,3069056676.0,Gemini,Orange,Cinema
REC01015,9,12/10/2023,3,0,0,25.0,3.12,184.81,,45809.69,15917.74,Person_1015,3255358170.0,Capricorn,Orange,Cooking
REC01016,2,13/10/2023,2,0,0,15.8,3.47,211.41,6.34,41584.79,13161.01,Person_1016,3198099035.0,Scorpio,Orange,Hiking
REC01017,2,14/10/2023,5,0,0,,3.2,177.58,2.98,40318.17,14198.68,Person_1017,3347499660.0,Scorpio,Orange,Music
REC01018,3,15/10/2023,1,0,0,7.3,3.83,166.61,7.43,37142.18,11718.32,Person_1018,3792496776.0,Aquarius,Pink,Hiking
REC01019,15,16/10/2023,5,0,0,,2.86,192.38,8.79,39930.86,13197.95,Person_1019,3641046899.0,Libra,White,Music
REC01020,19,17/10/2023,3,0,0,6.3,3.38,191.0,8.18,29029.67,9672.27,Person_1020,3043276398.0,Gemini,Purple,Sports
REC01021,13,18/10/2023,3,0,0,14.3,,202.68,,38105.41,13410.76,Person_1021,3171702737.0,Aquarius,Red,Gaming
REC01022,16,19/10/2023,4,1,0,28.5,3.4,,,63276.2,20423.98,Person_1022,3312404917.0,Virgo,White,Photography
REC01023,15,20/10/2023,3,0,0,22.0,,185.27,8.69,42058.05,14179.75,Person_1023,3703325385.0,Aquarius,Yellow,Reading
REC01024,18,21/10/2023,1,0,0,14.4,,,,45442.14,14448.55,Person_1024,3169702204.0,Gemini,Green,Travel
REC01025,17,22/10/2023,2,0,0,16.1,2.82,190.76,5.8,28845.37,10172.06,Person_1025,3280917613.0,Pisces,Green,Cooking
REC01026,15,23/10/2023,3,1,0,24.5,2.91,199.21,8.32,56058.71,17703.68,Person_1026,3530586338.0,Leo,Yellow,Sports
REC01027,15,24/10/2023,5,0,0,10.9,2.54,206.38,8.19,31858.01,10532.75,Person_1027,3840767999.0,Aquarius,Yellow,Travel
REC01028,5,25/10/2023,5,0,0,14.6,3.49,195.52,7.16,41809.03,13598.38,Person_1028,3691037872.0,Aquarius,Black,Sports
REC01029,11,26/10/2023,2,1,0,,3.45,206.86,6.6,44666.91,14396.85,Person_1029,3222441672.0,Sagittarius,Purple,Hiking
REC01030,1,27/10/2023,5,1,0,,3.54,180.51,6.98,59737.36,19179.66,Person_1030,3210998108.0,Gemini,Green,Reading
REC01031,19,28/10/2023,6,0,0,15.3,2.81,207.13,8.96,36621.59,11480.36,Person_1031,3048249760.0,Scorpio,Red,Gardening
REC01032,6,29/10/2023,2,0,0,7.6,,,10.63,35350.77,11348.95,Person_1032,3510466024.0,Scorpio,Orange,Hiking
REC01033,5,30/10/2023,0,1,0,15.8,2.87,216.34,4.27,54525.77,17602.02,Person_1033,3575789051.0,Libra,Black,Gaming
REC01034,1,31/10/2023,0,0,0,13.6,2.76,192.08,,27712.41,8821.9,Person_1034,3468663582.0,Leo,Pink,Gaming
REC01035,1,01/11/2023,4,0,0,12.7,2.7,212.24,4.87,47476.08,16646.94,Person_1035,3072794943.0,Gemini,Pink,Cinema
REC01036,19,02/11/2023,5,1,0,20.2,2.62,192.55,7.19,56323.46,17834.58,Person_1036,3057630593.0,Pisces,Black,Cinema
REC01037,10,03/11/2023,5,0,0,7.8,2.51,195.97,4.67,43214.3,14738.96,Person_1037,3759730264.0,Aquarius,Gray,Cooking
REC01038,9,04/11/2023,4,0,0,23.1,3.5,205.21,9.56,30009.73,9665.93,Person_1038,3032158854.0,Aquarius,White,Music
REC01039,7,05/11/2023,6,0,0,20.4,3.22,202.89,7.07,34170.41,11059.79,Person_1039,3343509683.0,Pisces,Black,Gardening
REC01040,3,06/11/2023,5,1,0,17.8,2.7,204.68,9.34,37556.85,12831.13,Person_1040,3257001832.0,Scorpio,Red,Cinema
REC01041,19,07/11/2023,0,1,0,14.2,3.54,204.67,4.46,51791.88,17078.85,Person_1041,3830145924.0,Aquarius,Pink,Travel
REC01042,15,08/11/2023,2,0,0,1.1,2.66,187.3,7.02,33546.16,10547.19,Person_1042,3172583699.0,Virgo,Yellow,Travel
REC01043,4,09/11/2023,4,0,0,12.1,2.94,204.83,7.17,31155.97,9866.61,Person_1043,3840565374.0,Cancer,Pink,Photography
REC01044,20,10/11/2023,3,0,0,27.0,3.51,194.78,6.91,31560.23,10405.57,Person_1044,3129438782.0,Taurus,Yellow,Photography
REC01045,13,11/11/2023,2,0,0,8.7,,205.7,6.18,41304.86,14562.96,Person_1045,3997023955.0,Gemini,Purple,Reading
REC01046,5,12/11/2023,4,1,0,20.7,3.35,209.34,9.36,52640.54,16866.04,Person_1046,3988868424.0,Leo,Black,Gardening
REC01047,13,13/11/2023,4,0,0,10.0,3.42,207.78,8.11,41349.29,13765.64,Person_1047,3511713014.0,Taurus,White,Gardening
REC01048,6,14/11/2023,1,0,0,24.4,4.31,,11.69,46923.41,14871.22,Person_1048,3804418200.0,Aquarius,Pink,Cooking
REC01049,18,15/11/2023,6,1,0,19.6,3.09,192.34,9.96,45658.53,16241.35,Person_1049,3615427799.0,Taurus,Gray,Hiking
REC01050,14,16/11/2023,4,0,0,20.1,3.26,215.61,7.31,41181.36,13416.95,Person_1050,3959725029.0,Aries,Red,Cinema
REC01051,1,17/11/2023,1,0,0,17.4,3.46,180.53,4.17,43899.36,14017.67,Person_1051,3719430086.0,Gemini,Gray,Cinema
REC01052,20,18/11/2023,4,0,0,21.2,3.13,196.1,7.69,38060.97,13382.9,Person_1052,3670556219.0,Gemini,Green,Hiking
REC01053,14,19/11/2023,6,1,0,,3.89,210.42,6.14,51423.87,18009.22,Person_1053,3346192055.0,Libra,White,Hiking
REC01054,1,20/11/2023,2,0,0,27.9,,,,41589.76,14203.49,Person_1054,3719674215.0,Leo,Yellow,Cooking
REC01055,1,21/11/2023,2,1,0,8.2,2.93,206.32,5.6,49124.9,16687.94,Person_1055,3799693728.0,Scorpio,Pink,Gardening
REC01056,15,22/11/2023,1,1,0,29.7,2.73,212.64,8.87,65852.84,21461.71,Person_1056,3583775296.0,Aquarius,Pink,Music
REC01057,9,23/11/2023,4,0,0,12.8,3.28,198.52,8.02,46470.24,15718.17,Person_1057,3594084067.0,Scorpio,Green,Travel
REC01058,1,24/11/2023,0,0,0,4.9,3.46,204.74,7.46,43117.46,13614.96,Person_1058,3526351123.0,Capricorn,Orange,Sports
REC01059,9,25/11/2023,6,1,0,28.3,3.21,203.71,9.14,48097.56,15811.35,Person_1059,3219459958.0,Taurus,Gray,Cooking
REC01060,10,26/11/2023,5,1,0,16.4,3.62,200.55,9.57,54560.43,18575.4,Person_1060,3135384137.0,Libra,Purple,Sports
REC01061,4,27/11/2023,0,1,0,18.5,3.22,235.78,6.64,52036.22,17228.35,Person_1061,3318794169.0,Aquarius,Yellow,Music
REC01062,7,28/11/2023,3,0,1,,3.33,216.07,6.71,49626.35,16725.4,Person_1062,3007544412.0,Taurus,Black,Cooking
REC01063,17,29/11/2023,1,0,0,16.3,3.18,217.22,9.18,46629.83,14866.34,Person_1063,3434706694.0,Virgo,Green,Music
REC01064,11,30/11/2023,2,1,0,18.3,3.41,185.2,12.35,40435.55,13963.62,Person_1064,3300300772.0,Scorpio,Yellow,Photography
REC01065,15,01/12/2023,1,0,0,16.8,3.57,183.74,9.49,38856.24,13018.43,Person_1065,3633718475.0,Gemini,Yellow,Music
REC01066,3,02/12/2023,0,1,0,20.3,3.43,201.93,7.22,55019.06,17955.69,Person_1066,3457250994.0,Gemini,Red,Travel
REC01067,13,03/12/2023,5,0,0,17.1,2.96,,7.75,41790.11,13869.43,Person_1067,3904957499.0,Scorpio,Red,Hiking
REC01068,11,04/12/2023,3,1,0,23.9,2.76,196.12,2.09,59266.62,19792.09,Person_1068,3356687007.0,Leo,Green,Music
REC01069,20,05/12/2023,5,0,0,28.2,,202.73,8.89,33345.6,10760.47,Person_1069,3894634849.0,Pisces,Yellow,Gardening
REC01070,17,06/12/2023,6,0,0,19.6,3.44,193.15,10.23,36907.8,12740.72,Person_1070,3945028000.0,Scorpio,Red,Travel
REC01071,9,07/12/2023,5,1,0,5.2,3.55,195.48,9.02,48395.02,16422.96,Person_1071,3648943808.0,Pisces,Purple,Sports
REC01072,9,08/12/2023,1,0,0,14.7,2.66,212.64,5.66,41279.73,13266.14,Person_1072,3186161209.0,Capricorn,Pink,Gaming
REC01073,19,09/12/2023,1,0,0,4.8,3.11,201.44,,41285.98,13558.14,Person_1073,3195706176.0,Pisces,Red,Cooking
REC01074,19,10/12/2023,6,1,0,32.6,2.87,221.11,11.11,54517.12,17379.52,Person_1074,3303062164.0,Sagittarius,Yellow,Gardening
REC01075,12,11/12/2023,2,0,0,22.9,2.98,197.48,5.45,41766.49,14276.76,Person_1075,3654738589.0,Virgo,Purple,Photography
REC01076,19,12/12/2023,1,0,0,25.7,3.59,,7.87,38906.38,13431.46,Person_1076,3453462424.0,Taurus,Green,Gaming
REC01077,15,13/12/2023,4,1,0,19.3,3.26,210.85,5.11,61514.04,19726.26,Person_1077,3387432548.0,Gemini,Orange,Gardening
REC01078,12,14/12/2023,2,0,0,1.8,2.55,177.26,9.67,28873.32,9358.77,Person_1078,3809291013.0,Sagittarius,Gray,Sports
REC01079,11,15/12/2023,6,0,0,2.1,2.97,184.76,,38054.35,13095.0,Person_1079,3693061699.0,Aries,Blue,Reading
REC01080,3,16/12/2023,5,0,0,6.4,3.07,222.45,,33181.45,10835.36,Person_1080,3969186111.0,Aquarius,Blue,Photography
REC01081,10,17/12/2023,1,0,0,14.4,3.36,195.43,6.71,37526.79,12052.52,Person_1081,3122916526.0,Aquarius,Pink,Music
REC01082,7,18/12/2023,1,0,0,9.9,2.94,206.44,5.29,46840.25,15267.97,Person_1082,3861778059.0,Cancer,Purple,Music
REC01083,19,19/12/2023,2,0,0,27.9,3.36,210.36,9.95,41019.73,14488.29,Person_1083,3816321747.0,Aquarius,Green,Reading
REC01084,7,20/12/2023,2,0,0,14.1,3.56,217.97,4.3,44569.46,15326.26,Person_1084,3504069481.0,Cancer,Yellow,Travel
REC01085,20,21/12/2023,6,1,0,,3.19,197.02,11.78,50236.16,16417.75,Person_1085,3361383630.0,Aquarius,Black,Hiking
REC01086,19,22/12/2023,0,0,0,14.7,3.39,191.7,7.61,32126.31,11104.21,Person_1086,3845918175.0,Scorpio,Red,Music
REC01087,14,23/12/2023,5,0,0,16.4,3.13,192.9,6.27,43515.6,14926.92,Person_1087,3170928435.0,Virgo,Red,Cinema
REC01088,12,24/12/2023,0,0,0,13.9,3.26,179.17,9.44,37857.72,12820.04,Person_1088,3766722738.0,Sagittarius,Yellow,Gaming
REC01089,2,25/12/2023,2,0,0,22.0,3.07,196.1,5.94,36665.44,12378.68,Person_1089,3522496647.0,Scorpio,Green,Travel
REC01090,19,26/12/2023,3,0,0,18.2,2.82,,7.23,57683.89,18640.75,Person_1090,3956738109.0,Pisces,Green,Cinema
REC01091,18,27/12/2023,4,0,0,18.8,2.68,176.32,8.24,37439.2,12302.49,Person_1091,3408271979.0,Gemini,White,Hiking
REC01092,20,28/12/2023,1,0,0,19.3,3.1,221.66,10.73,38317.03,13280.3,Person_1092,3641225189.0,Libra,Yellow,Reading
REC01093,9,29/12/2023,2,1,0,19.2,3.81,202.9,7.59,50398.13,17739.48,Person_1093,3858820743.0,Pisces,Purple,Travel
REC01094,9,30/12/2023,0,0,0,15.3,3.08,198.46,8.54,34247.26,10752.3,Person_1094,3269254305.0,Capricorn,Yellow,Cinema
REC01095,18,31/12/2023,1,0,0,10.2,3.34,190.64,5.21,30925.87,10740.13,Person_1095,3099659090.0,Aries,Green,Hiking
REC01096,2,01/01/2023,1,0,0,7.7,3.11,,8.58,38665.07,12848.8,Person_1096,3449946512.0,Virgo,Blue,Gaming
REC01097,11,02/01/2023,0,1,0,22.5,3.39,226.08,7.03,54613.53,17577.13,Person_1097,3469865545.0,Sagittarius,Yellow,Travel
REC01098,18,03/01/2023,5,1,0,18.3,3.19,197.07,7.41,55219.55,19149.1,Person_1098,3757994347.0,Scorpio,Blue,Music
REC01099,2,04/01/2023,1,0,0,30.1,2.89,199.35,4.63,47639.45,16728.26,Person_1099,3046511004.0,Scorpio,Blue,Photography
REC01100,5,05/01/2023,5,0,0,15.8,3.14,206.49,11.07,31829.48,11299.05,Person_1100,3566636645.0,Gemini,Pink,Travel
REC01101,2,06/01/2023,6,1,0,16.3,2.89,208.43,5.6,47801.86,16291.45,Person_1101,3721509062.0,Taurus,Gray,Gaming
REC01102,7,07/01/2023,6,0,0,20.0,3.62,199.98,10.8,33950.89,10880.6,Person_1102,3043993120.0,Scorpio,Black,Hiking
REC01103,12,08/01/2023,3,0,0,26.1,2.88,184.23,3.3,45152.68,14402.6,Person_1103,3587874351.0,Aquarius,Orange,Hiking
REC01104,14,09/01/2023,0,0,0,19.9,3.45,178.43,5.37,39284.28,13227.09,Person_1104,3798157108.0,Taurus,Pink,Hiking
REC01105,17,10/01/2023,5,0,0,,2.39,211.73,8.51,55562.28,17597.54,Person_1105,3358772896.0,Gemini,Pink,Reading
REC01106,11,11/01/2023,5,0,0,23.3,2.73,219.95,7.1,36227.46,11805.48,Person_1106,3601088718.0,Aquarius,Orange,Travel
REC01107,11,12/01/2023,3,1,0,4.0,2.74,211.61,7.68,62423.0,19994.29,Person_1107,3255530783.0,Cancer,Red,Music
REC01108,15,13/01/2023,3,0,0,,3.16,197.62,11.32,32303.21,10957.72,Person_1108,3016300529.0,Aries,Red,Travel
REC01109,14,14/01/2023,5,0,0,8.3,2.89,198.57,5.24,28921.02,9984.73,Person_1109,3062336629.0,Scorpio,White,Sports
REC01110,2,15/01/2023,4,1,0,28.1,3.72,176.88,5.19,61718.24,20268.96,Person_1110,3631778865.0,Leo,Pink,Photography
REC01111,10,16/01/2023,1,0,0,22.8,3.12,,8.49,32663.09,11327.33,Person_1111,3352297409.0,Taurus,Red,Sports
REC01112,9,17/01/2023,3,0,0,9.7,2.92,213.87,8.49,33544.14,10732.2,Person_1112,3228763478.0,Pisces,White,Hiking
REC01113,18,18/01/2023,6,1,0,19.5,3.21,160.35,3.05,76152.43,24068.7,Person_1113,3081928171.0,Aquarius,Purple,Travel
REC01114,20,19/01/2023,5,0,0,12.9,3.71,206.6,7.78,44803.77,14123.04,Person_1114,3922566729.0,Cancer,Gray,Photography
REC01115,19,20/01/2023,3,0,0,8.1,2.58,189.08,9.68,29147.79,9668.4,Person_1115,3521281609.0,Virgo,Black,Cooking
REC01116,8,21/01/2023,2,1,0,22.2,3.59,179.55,3.68,53621.72,18783.59,Person_1116,3531012555.0,Virgo,Purple,Hiking
REC01117,17,22/01/2023,4,0,0,26.7,3.89,198.58,5.61,46075.25,14526.06,Person_1117,3088824865.0,Sagittarius,Gray,Travel
REC01118,8,23/01/2023,4,0,0,,3.19,179.22,8.48,28539.42,9297.6,Person_1118,3285841915.0,Pisces,Pink,Music
REC01119,5,24/01/2023,4,0,0,17.8,3.0,186.79,12.21,24729.43,8521.97,Person_1119,3430702282.0,Sagittarius,Yellow,Travel
REC01120,18,25/01/2023,1,1,0,37.5,3.01,182.43,10.51,48095.02,15615.08,Person_1120,3424628662.0,Leo,Pink,Gaming
REC01121,20,26/01/2023,0,0,1,19.1,3.66,198.13,8.83,44368.43,14673.29,Person_1121,3882424871.0,Virgo,Green,Reading
REC01122,6,27/01/2023,1,0,0,20.1,,207.64,10.0,42815.9,13429.83,Person_1122,3808726239.0,Virgo,Blue,Gardening
REC01123,14,28/01/2023,6,0,0,17.9,3.58,223.2,6.62,40297.2,12862.46,Person_1123,3956056525.0,Libra,Gray,Cooking
REC01124,18,29/01/2023,1,0,0,,3.36,178.36,8.1,44708.12,15606.71,Person_1124,3838858352.0,Gemini,Yellow,Cinema
REC01125,1,30/01/2023,4,1,0,15.9,2.82,172.54,8.72,67238.16,21488.85,Person_1125,3491716349.0,Pisces,Yellow,Photography
REC01126,10,31/01/2023,6,1,0,11.5,2.64,195.87,4.2,61028.03,19486.51,Person_1126,3894097121.0,Leo,Yellow,Hiking
REC01127,1,01/02/2023,0,0,0,,3.15,206.65,6.43,27266.99,9645.59,Person_1127,3917307406.0,Scorpio,Green,Gardening
REC01128,16,02/02/2023,0,1,0,6.2,,209.78,8.17,45900.19,14796.59,Person_1128,3235403005.0,Scorpio,Blue,Reading
REC01129,11,03/02/2023,6,0,0,13.3,3.16,173.96,6.72,32061.13,11018.89,Person_1129,3654743204.0,Cancer,Black,Cooking
REC01130,20,04/02/2023,4,0,0,19.3,3.03,194.43,7.3,39883.95,14207.72,Person_1130,3789918968.0,Pisces,White,Gardening
REC01131,5,05/02/2023,6,0,0,15.3,3.55,204.85,6.49,41836.83,13736.73,Person_1131,3966953738.0,Taurus,Pink,Music
REC01132,15,06/02/2023,2,0,0,20.2,3.92,,7.15,33151.84,11239.02,Person_1132,3534695176.0,Aries,Green,Travel
REC01133,2,07/02/2023,3,0,0,19.8,3.46,191.62,10.22,28708.64,9111.98,Person_1133,3293625614.0,Virgo,Orange,Hiking
REC01134,18,08/02/2023,5,0,0,19.4,3.35,188.9,9.1,40278.14,12908.21,Person_1134,3881463280.0,Aquarius,Pink,Travel
REC01135,2,09/02/2023,0,0,0,14.9,3.07,,7.97,26869.44,8900.38,Person_1135,3010747029.0,Cancer,Pink,Cinema
REC01136,7,10/02/2023,5,1,0,12.8,2.62,193.01,7.85,51893.19,16913.17,Person_1136,3301190356.0,Gemini,Blue,Photography
REC01137,19,11/02/2023,2,0,0,27.3,3.17,207.83,8.92,57329.61,20379.59,Person_1137,3573610769.0,Pisces,Gray,Cinema
REC01138,5,12/02/2023,4,0,0,14.4,3.09,232.86,,38544.99,13136.78,Person_1138,3335713621.0,Leo,Black,Reading
REC01139,16,13/02/2023,2,1,0,14.4,2.3,219.78,6.21,52330.05,17904.83,Person_1139,3261251033.0,Pisces,Red,Gardening
REC01140,20,14/02/2023,2,0,0,28.6,3.56,190.58,8.81,51086.93,16786.83,Person_1140,3748479855.0,Capricorn,Red,Travel
REC01141,14,15/02/2023,5,0,0,29.0,2.94,,9.8,38214.69,12424.56,Person_1141,3218284490.0,Taurus,Red,Gardening
REC01142,10,16/02/2023,0,0,0,15.3,3.08,191.69,8.87,36752.19,13086.33,Person_1142,3046845312.0,Libra,White,Cinema
REC01143,5,17/02/2023,0,0,0,,3.3,201.78,6.36,40925.56,13356.76,Person_1143,3926753520.0,Aries,Black,Sports
REC01144,19,18/02/2023,6,1,0,29.6,3.08,244.25,6.63,69946.3,22195.26,Person_1144,3633660918.0,Libra,Black,Gaming
REC01145,14,19/02/2023,2,1,1,25.4,3.17,210.53,4.58,63985.45,22481.5,Person_1145,3990850958.0,Scorpio,Yellow,Travel
REC01146,6,20/02/2023,1,0,0,17.5,4.02,182.95,7.52,35083.68,12250.33,Person_1146,3212512804.0,Libra,Blue,Cinema
REC01147,3,21/02/2023,2,0,0,21.1,3.2,202.21,8.22,43786.01,14907.6,Person_1147,3510454418.0,Scorpio,Pink,Cinema
REC01148,12,22/02/2023,6,0,0,29.1,2.7,204.14,8.22,49038.21,15549.83,Person_1148,3306714918.0,Capricorn,Purple,Hiking
REC01149,19,23/02/2023,6,1,0,24.4,2.94,186.52,4.61,72679.75,25770.65,Person_1149,3846763349.0,Leo,Yellow,Cinema
REC01150,3,24/02/2023,5,1,0,15.1,2.88,197.3,7.79,44589.13,14894.03,Person_1150,3178540470.0,Leo,Purple,Music
REC01151,14,25/02/2023,6,1,0,-5.0,2.93,215.88,5.52,46959.46,14972.02,Person_1151,3567629137.0,Aries,Pink,Sports
REC01152,2,26/02/2023,5,0,0,1.0,3.39,172.22,4.85,35409.47,12072.95,Person_1152,3306398179.0,Scorpio,Gray,Travel
REC01153,8,27/02/2023,0,0,0,15.6,2.74,200.86,7.51,39075.44,12331.65,Person_1153,3842452423.0,Pisces,Red,Reading
REC01154,13,28/02/2023,1,0,0,9.0,3.07,,9.51,36414.69,12054.11,Person_1154,3482100260.0,Cancer,Red,Hiking
REC01155,17,01/03/2023,1,0,0,19.3,3.54,210.47,6.31,43017.05,14557.16,Person_1155,3246205190.0,Pisces,Yellow,Gardening
REC01156,11,02/03/2023,1,1,0,32.6,3.47,,,66200.32,21103.77,Person_1156,3460398928.0,Aries,Green,Gardening
REC01157,5,03/03/2023,4,0,0,16.3,3.61,201.3,7.62,41354.53,13185.8,Person_1157,3417590262.0,Cancer,Pink,Gardening
REC01158,16,04/03/2023,5,0,0,23.3,3.17,189.36,7.61,41324.62,14592.63,Person_1158,3414729095.0,Libra,Gray,Photography
REC01159,12,05/03/2023,5,0,0,19.7,,181.39,2.49,39244.51,12572.49,Person_1159,3946350192.0,Gemini,Red,Sports
REC01160,2,06/03/2023,1,0,0,25.2,3.74,203.6,4.69,45400.47,15385.55,Person_1160,3256409489.0,Scorpio,Yellow,Hiking
REC01161,8,07/03/2023,5,0,0,22.4,3.06,186.7,6.82,46565.86,15678.83,Person_1161,3209318782.0,Pisces,Red,Music
REC01162,11,08/03/2023,5,0,0,23.7,3.77,208.69,,33150.47,10679.55,Person_1162,3129069527.0,Sagittarius,Pink,Hiking
REC01163,18,09/03/2023,4,0,0,21.9,4.01,213.89,5.56,51697.02,16498.55,Person_1163,3779833674.0,Libra,Red,Reading
REC01164,18,10/03/2023,4,0,0,23.2,2.74,205.46,4.66,47922.15,16669.75,Person_1164,3696687020.0,Cancer,Black,Cinema
REC01165,12,11/03/2023,2,1,0,10.7,2.94,192.05,7.85,52345.45,17953.24,Person_1165,3224796292.0,Aquarius,White,Reading
REC01166,11,12/03/2023,0,0,0,9.7,3.55,203.79,8.75,37723.89,13112.63,Person_1166,3005613871.0,Aries,Red,Gaming
REC01167,4,13/03/2023,4,0,0,27.3,3.56,200.81,6.49,62086.51,20760.83,Person_1167,3779922144.0,Taurus,White,Hiking
REC01168,1,14/03/2023,3,1,0,14.9,3.08,203.16,7.11,56451.82,17856.69,Person_1168,3573121828.0,Cancer,Purple,Reading
REC01169,11,15/03/2023,3,1,0,10.0,3.9,202.05,6.69,61425.54,19817.48,Person_1169,3849854532.0,Aries,Gray,Gardening
REC01170,17,16/03/2023,0,0,0,20.1,3.28,198.34,5.41,33209.65,11242.99,Person_1170,3343784307.0,Sagittarius,Yellow,Travel
REC01171,16,17/03/2023,6,1,0,24.1,2.92,205.94,6.01,59701.98,20925.76,Person_1171,3474612305.0,Virgo,Black,Travel
REC01172,12,18/03/2023,4,0,0,21.8,3.64,196.52,,42500.34,13949.03,Person_1172,3239676525.0,Scorpio,Black,Cinema
REC01173,13,19/03/2023,2,1,0,,3.24,207.07,4.19,65614.03,20617.84,Person_1173,3199259168.0,Aries,Black,Gardening
REC01174,1,20/03/2023,2,0,0,24.8,3.7,,8.21,37281.99,11944.51,Person_1174,3070158400.0,Taurus,White,Sports
REC01175,15,21/03/2023,6,0,0,18.6,2.97,202.17,6.51,33953.07,11997.19,Person_1175,3769011076.0,Aquarius,Green,Sports
REC01176,14,22/03/2023,3,0,0,16.9,3.17,221.2,7.04,47491.87,16368.5,Person_1176,3728895349.0,Sagittarius,Green,Gaming
REC01177,3,23/03/2023,1,0,0,24.3,3.46,184.57,4.27,51220.63,17154.48,Person_1177,3833536716.0,Gemini,Pink,Hiking
REC01178,13,24/03/2023,5,0,0,20.7,4.24,174.66,9.51,35632.96,11792.44,Person_1178,3855371847.0,Aquarius,Blue,Music
REC01179,13,25/03/2023,6,0,0,23.6,2.98,209.27,6.84,37457.71,12513.1,Person_1179,3046067756.0,Libra,Purple,Gardening
REC01180,5,26/03/2023,3,0,0,26.6,3.06,,7.57,30305.57,9579.77,Person_1180,3858377187.0,Virgo,Purple,Reading
REC01181,14,27/03/2023,5,0,0,19.6,2.68,229.0,8.23,41641.99,14700.15,Person_1181,3079798706.0,Virgo,Yellow,Cooking
REC01182,14,28/03/2023,2,0,0,6.2,2.46,178.33,5.06,50713.78,17281.29,Person_1182,3218520979.0,Taurus,White,Music
REC01183,14,29/03/2023,5,0,0,7.0,3.18,190.82,9.67,34895.01,10992.3,Person_1183,3024450650.0,Virgo,Yellow,Photography
REC01184,20,30/03/2023,3,0,0,80.0,3.25,199.02,,47247.84,15212.49,Person_1184,3125507812.0,Aquarius,Black,Cooking
REC01185,12,31/03/2023,1,0,0,4.8,3.5,191.4,7.04,32259.42,10410.07,Person_1185,3336840303.0,Scorpio,Purple,Sports
REC01186,18,01/04/2023,2,0,0,8.9,3.0,198.62,4.55,48632.84,17230.05,Person_1186,3692250103.0,Gemini,Blue,Gaming
REC01187,20,02/04/2023,0,0,0,20.8,,192.42,,36102.33,12861.32,Person_1187,3493856896.0,Aries,Yellow,Hiking
REC01188,20,03/04/2023,0,0,0,27.6,2.81,202.95,6.68,36753.18,11749.81,Person_1188,3536943799.0,Aquarius,Yellow,Photography
REC01189,12,04/04/2023,6,0,1,20.5,3.11,210.24,,62807.79,20991.03,Person_1189,3429292846.0,Gemini,Yellow,Hiking
REC01190,3,05/04/2023,1,0,0,18.0,,179.09,4.41,52795.79,200000.0,Person_1190,3042623316.0,Virgo,Red,Reading
REC01191,16,06/04/2023,3,1,0,15.1,2.62,220.57,8.93,57005.89,18187.05,Person_1191,3567519991.0,Scorpio,Gray,Music
REC01192,11,07/04/2023,0,0,0,15.3,2.8,187.06,,34228.77,11354.56,Person_1192,3759955285.0,Pisces,Gray,Cinema
REC01193,6,08/04/2023,0,1,0,7.2,3.42,182.24,5.46,46646.83,15060.53,Person_1193,3470173343.0,Leo,Yellow,Gardening
REC01194,2,09/04/2023,0,1,0,15.5,3.33,198.04,3.32,47465.12,16227.75,Person_1194,3191221871.0,Scorpio,Green,Photography
REC01195,13,10/04/2023,2,1,0,18.5,3.6,171.88,8.86,47364.44,16504.54,Person_1195,3174571224.0,Pisces,Orange,Cinema
REC01196,20,11/04/2023,5,0,0,26.3,3.11,212.88,7.73,47912.17,15922.71,Person_1196,3105730510.0,Sagittarius,Purple,Travel
REC01197,9,12/04/2023,5,1,0,12.8,3.18,226.46,5.2,51811.48,17738.07,Person_1197,3820164197.0,Virgo,Green,Music
REC01198,12,13/04/2023,2,0,0,24.5,2.93,188.52,9.1,35483.31,11872.52,Person_1198,3382479670.0,Sagittarius,Purple,Cooking
REC01199,5,14/04/2023,1,1,0,,2.75,,8.39,69113.17,23771.24,Person_1199,3246625327.0,Libra,Purple,Hiking
REC01200,20,15/04/2023,5,0,0,18.2,4.28,230.04,6.73,46361.59,15876.16,Person_1200,3763831257.0,Aries,Gray,Hiking
REC01201,1,16/04/2023,4,0,0,13.3,3.25,179.74,3.31,48354.58,15290.87,Person_1201,3560620042.0,Aries,Orange,Photography
REC01202,14,17/04/2023,5,0,0,12.0,,218.71,7.03,40512.09,14087.21,Person_1202,3884873927.0,Leo,Orange,Gaming
REC01203,5,18/04/2023,3,1,0,,4.13,191.7,8.45,51478.89,17236.85,Person_1203,3891314926.0,Virgo,Yellow,Travel
REC01204,16,19/04/2023,2,0,0,-0.4,2.38,235.03,8.31,34166.78,11023.21,Person_1204,3886368019.0,Gemini,Red,Hiking
REC01205,16,20/04/2023,2,1,0,36.0,,216.21,8.74,70959.61,22825.11,Person_1205,3291618781.0,Scorpio,Gray,Music
REC01206,17,21/04/2023,3,0,0,24.3,3.05,196.95,5.59,44316.3,14595.02,Person_1206,3308118455.0,Libra,Gray,Hiking
REC01207,16,22/04/2023,4,0,0,,3.71,197.93,8.99,42075.09,15025.13,Person_1207,3833166879.0,Aries,Purple,Reading
REC01208,17,23/04/2023,3,1,0,28.4,2.61,209.01,4.84,72413.01,24200.08,Person_1208,3255608389.0,Libra,Red,Photography
REC01209,12,24/04/2023,2,0,0,,3.36,215.55,,42695.38,14277.71,Person_1209,3749419980.0,Aquarius,Purple,Hiking
REC01210,19,25/04/2023,6,1,0,12.9,3.59,200.56,5.6,50157.71,15879.49,Person_1210,3557952055.0,Leo,Pink,Gaming
REC01211,17,26/04/2023,2,0,0,25.8,3.74,,4.75,55385.41,17462.41,Person_1211,3167217161.0,Libra,Green,Cooking
REC01212,16,27/04/2023,2,0,0,10.9,2.82,214.55,8.12,40777.67,13097.13,Person_1212,3635077902.0,Libra,Green,Photography
REC01213,11,28/04/2023,3,0,0,17.4,3.17,201.6,6.44,53919.39,17459.45,Person_1213,3039992164.0,Sagittarius,Orange,Sports
REC01214,8,29/04/2023,4,0,0,25.0,3.07,208.27,5.29,46841.27,15482.04,Person_1214,3589911268.0,Cancer,Red,Cinema
REC01215,8,30/04/2023,5,0,0,13.4,,205.28,6.29,37349.51,13330.89,Person_1215,3525960264.0,Capricorn,Purple,Sports
REC01216,15,01/05/2023,2,1,0,,3.4,204.58,5.83,63276.21,20425.75,Person_1216,3797351031.0,Virgo,Yellow,Gardening
REC01217,7,02/05/2023,6,0,0,21.6,2.99,188.81,4.72,39526.75,13959.23,Person_1217,3880359534.0,Leo,Black,Travel
REC01218,20,03/05/2023,1,0,0,12.4,2.91,180.67,7.48,46303.04,14639.25,Person_1218,3147012642.0,Cancer,Orange,Reading
REC01219,16,04/05/2023,1,1,0,15.6,3.6,206.63,7.44,48348.4,15895.93,Person_1219,3150854871.0,Capricorn,Yellow,Cooking
REC01220,18,05/05/2023,4,0,0,14.3,3.89,200.11,2.91,45972.56,15298.51,Person_1220,3709766440.0,Virgo,Gray,Gaming
REC01221,3,06/05/2023,2,0,0,10.5,2.75,208.17,8.4,43606.03,14059.48,Person_1221,3297346534.0,Capricorn,Purple,Sports
REC01222,5,07/05/2023,0,0,0,34.4,3.73,193.65,,49967.08,17600.78,Person_1222,3548186478.0,Taurus,Red,Sports
REC01223,18,08/05/2023,5,0,0,23.3,3.24,193.02,,35715.32,12456.71,Person_1223,3287058476.0,Pisces,Red,Gaming
REC01224,16,09/05/2023,4,0,0,19.4,,202.19,5.48,29647.11,10538.44,Person_1224,3927274237.0,Scorpio,Purple,Cooking
REC01225,4,10/05/2023,2,0,0,14.9,3.2,190.85,8.36,30274.14,10276.76,Person_1225,3700171503.0,Taurus,Blue,Reading
REC01226,12,11/05/2023,0,1,0,19.5,3.55,,6.62,60392.15,21139.96,Person_1226,3074958607.0,Libra,White,Photography
REC01227,18,12/05/2023,6,0,0,37.7,,221.55,10.04,40480.66,12995.81,Person_1227,3844795567.0,Cancer,Gray,Cinema
REC01228,11,13/05/2023,6,1,0,23.6,,189.28,2.88,64999.25,21995.08,Person_1228,3838543758.0,Aquarius,Pink,Travel
REC01229,7,14/05/2023,1,0,0,19.3,3.95,159.79,6.42,38206.78,12670.23,Person_1229,3727866787.0,Pisces,Red,Cinema
REC01230,20,15/05/2023,5,1,0,13.7,3.53,182.67,6.68,64221.33,20088.48,Person_1230,3900144421.0,Aries,Blue,Gaming
REC01231,1,16/05/2023,2,0,0,28.8,2.47,190.86,9.96,44235.11,14831.38,Person_1231,3000918065.0,Scorpio,Green,Gaming
REC01232,13,17/05/2023,1,0,0,27.0,3.37,194.56,2.1,51443.0,17470.22,Person_1232,3146483365.0,Aquarius,Gray,Cooking
REC01233,4,18/05/2023,6,0,0,10.5,3.03,197.09,7.47,43571.43,13669.76,Person_1233,3805314200.0,Capricorn,Purple,Photography
REC01234,10,19/05/2023,1,0,0,15.1,2.97,200.94,7.1,32504.43,11216.31,Person_1234,3080941253.0,Taurus,Pink,Gardening
REC01235,11,20/05/2023,1,1,0,14.0,2.38,204.09,,47739.09,16485.56,Person_1235,3793882469.0,Aries,Green,Travel
REC01236,3,21/05/2023,1,1,0,18.3,3.93,,5.97,59977.26,19824.92,Person_1236,3834151931.0,Scorpio,Red,Travel
REC01237,7,22/05/2023,1,0,0,4.2,3.15,188.61,7.62,35295.09,11093.33,Person_1237,3773595265.0,Libra,White,Music
REC01238,7,23/05/2023,0,1,0,39.1,3.47,192.24,9.0,55381.8,17522.43,Person_1238,3422484216.0,Pisces,Orange,Cinema
REC01239,3,24/05/2023,5,1,0,6.0,,209.22,8.46,50354.39,16972.57,Person_1239,3001477216.0,Scorpio,Purple,Travel
REC01240,19,25/05/2023,0,1,0,6.8,,201.49,7.59,45920.81,14528.94,Person_1240,3229504032.0,Taurus,Blue,Cooking
REC01241,7,26/05/2023,0,1,0,12.5,2.92,184.81,4.42,60136.51,19220.9,Person_1241,3633899953.0,Sagittarius,White,Hiking
REC01242,1,27/05/2023,0,1,0,18.4,3.33,185.38,8.49,50410.97,17308.03,Person_1242,3780092391.0,Taurus,Orange,Hiking
REC01243,2,28/05/2023,0,0,0,3.6,2.68,196.85,8.1,27105.67,8666.19,Person_1243,3510968728.0,Capricorn,Orange,Music
REC01244,15,29/05/2023,1,0,0,9.4,3.95,215.9,10.59,30215.91,10320.16,Person_1244,3332773131.0,Capricorn,Yellow,Gardening
REC01245,4,30/05/2023,1,0,0,21.7,3.42,233.99,6.08,46771.31,14926.26,Person_1245,3635338646.0,Taurus,Gray,Cinema
REC01246,8,31/05/2023,4,1,0,16.3,2.4,198.43,4.52,55609.15,18664.43,Person_1246,3986057910.0,Aries,Green,Sports
REC01247,14,01/06/2023,1,0,0,23.8,3.21,209.0,6.69,36405.6,12861.06,Person_1247,3629375094.0,Scorpio,White,Gardening
REC01248,8,02/06/2023,1,1,1,19.2,3.36,188.47,6.22,68111.96,24176.6,Person_1248,3060687187.0,Pisces,Orange,Cooking
REC01249,17,03/06/2023,2,0,0,20.2,3.44,192.39,5.17,42421.86,14251.32,Person_1249,3248944896.0,Aquarius,Gray,Travel
REC01250,17,04/06/2023,3,0,0,13.5,3.62,211.78,4.69,45357.93,15934.41,Person_1250,3068744957.0,Virgo,Yellow,Cinema
REC01251,3,05/06/2023,2,0,0,9.3,3.22,167.51,7.47,42506.57,13742.48,Person_1251,3815583959.0,Gemini,Orange,Photography
REC01252,13,06/06/2023,3,0,0,23.3,3.39,206.18,,34955.74,12150.44,Person_1252,3866515465.0,Taurus,Pink,Hiking
REC01253,16,07/06/2023,1,1,0,18.3,3.4,219.1,10.07,53983.85,17274.74,Person_1253,3421175343.0,Pisces,Red,Hiking
REC01254,16,08/06/2023,1,0,0,17.2,3.79,211.22,9.96,39728.85,13838.8,Person_1254,3722303951.0,Virgo,Blue,Gaming
REC01255,1,09/06/2023,3,1,0,21.4,3.08,191.58,9.78,57439.73,20357.69,Person_1255,3140998556.0,Libra,Blue,Gaming
REC01256,10,10/06/2023,1,0,0,27.9,3.08,188.46,4.67,54209.14,17087.04,Person_1256,3702574480.0,Aries,Gray,Cinema
REC01257,15,11/06/2023,3,0,0,20.4,3.06,,9.09,39600.49,13980.84,Person_1257,3054587360.0,Sagittarius,Gray,Music
REC01258,19,12/06/2023,0,1,0,22.7,3.36,225.79,,44738.43,14875.55,Person_1258,3665950301.0,Scorpio,Yellow,Photography
REC01259,12,13/06/2023,1,1,1,14.8,3.51,194.28,7.87,69664.31,24789.04,Person_1259,3431986022.0,Gemini,Green,Travel
REC01260,8,14/06/2023,0,0,0,12.8,3.96,212.28,12.32,18093.49,6111.97,Person_1260,3061922772.0,Gemini,Pink,Gaming
REC01261,2,15/06/2023,1,0,0,17.4,3.38,200.55,6.04,30156.87,9771.28,Person_1261,3991952586.0,Capricorn,Blue,Hiking
REC01262,16,16/06/2023,4,0,0,36.0,3.17,204.96,,45871.18,15713.71,Person_1262,3891083584.0,Cancer,Yellow,Music
REC01263,6,17/06/2023,0,0,0,28.1,3.35,218.68,3.64,28579.98,9499.63,Person_1263,3222653841.0,Aries,Red,Gardening
REC01264,2,18/06/2023,2,0,0,26.9,3.33,203.15,8.18,41793.04,13738.28,Person_1264,3188386303.0,Sagittarius,Orange,Music
REC01265,1,19/06/2023,1,0,0,8.5,,181.55,,40157.46,12963.29,Person_1265,3564259856.0,Libra,White,Sports
REC01266,11,20/06/2023,2,1,0,25.7,3.17,217.8,5.47,52858.16,17765.26,Person_1266,3457510964.0,Aquarius,Orange,Gardening
REC01267,14,21/06/2023,5,0,0,15.4,3.18,209.93,6.54,47256.95,15031.12,Person_1267,3468312219.0,Virgo,Yellow,Gardening
REC01268,20,22/06/2023,6,0,0,,3.35,204.02,8.3,45685.5,15097.23,Person_1268,3211216390.0,Aquarius,Pink,Cinema
REC01269,5,23/06/2023,5,0,0,36.4,,,7.54,49689.74,16791.62,Person_1269,3559971900.0,Cancer,Red,Cinema
REC01270,15,24/06/2023,4,0,0,27.6,2.95,201.19,3.92,41157.14,14362.7,Person_1270,3090875251.0,Sagittarius,Orange,Music
REC01271,3,25/06/2023,6,0,0,16.3,2.94,183.63,,40086.55,12570.09,Person_1271,3493526101.0,Aries,Orange,Reading
REC01272,7,26/06/2023,6,0,0,18.0,3.35,223.35,4.84,27217.96,8958.81,Person_1272,3362003128.0,Taurus,Black,Travel
REC01273,1,27/06/2023,2,0,0,13.1,4.03,,10.91,30691.22,9844.11,Person_1273,3802803979.0,Aries,Pink,Cooking
REC01274,13,28/06/2023,1,0,0,28.8,2.29,217.47,9.85,38775.79,12894.47,Person_1274,3058873015.0,Leo,Red,Hiking
REC01275,16,29/06/2023,4,0,0,22.6,3.15,191.77,2.47,54433.02,17124.82,Person_1275,3967893751.0,Gemini,Black,Photography
REC01276,1,30/06/2023,3,0,0,20.8,3.22,207.37,10.48,41558.46,13980.37,Person_1276,3688740832.0,Cancer,Green,Cooking
REC01277,4,01/07/2023,3,1,0,17.6,3.5,194.24,7.18,47105.88,16502.03,Person_1277,3528206244.0,Virgo,Purple,Music
REC01278,1,02/07/2023,3,0,0,29.0,3.19,182.56,,57039.05,19757.72,Person_1278,3797780801.0,Virgo,Pink,Gardening
REC01279,15,03/07/2023,4,0,0,21.1,2.97,211.87,5.38,39555.76,13337.86,Person_1279,3635989283.0,Capricorn,Blue,Cooking
REC01280,1,04/07/2023,1,0,0,24.4,,,,39338.36,12953.79,Person_1280,3972496327.0,Sagittarius,Red,Reading
REC01281,10,05/07/2023,5,1,0,18.9,2.95,,6.62,56985.99,17969.17,Person_1281,3831901679.0,Aries,Red,Gaming
REC01282,9,06/07/2023,1,1,0,14.9,3.33,212.61,8.29,61727.21,20093.75,Person_1282,3606732148.0,Aries,Pink,Travel
REC01283,3,07/07/2023,6,0,0,22.1,3.81,219.59,9.14,40759.13,13604.41,Person_1283,3661103307.0,Virgo,Green,Cooking
REC01284,4,08/07/2023,1,0,0,28.1,3.65,,6.07,40203.55,14237.24,Person_1284,3295269869.0,Cancer,Blue,Gaming
REC01285,5,09/07/2023,5,0,1,19.0,2.54,187.22,7.75,46363.46,15495.63,Person_1285,3732348616.0,Cancer,White,Travel
REC01286,2,10/07/2023,5,1,0,-5.0,2.47,206.32,5.01,63048.04,20656.82,Person_1286,3479719792.0,Pisces,Gray,Gardening
REC01287,20,11/07/2023,4,1,0,14.8,,197.03,7.5,53118.55,18931.56,Person_1287,3975373132.0,Sagittarius,Yellow,Photography
REC01288,19,12/07/2023,0,0,0,40.0,3.61,203.32,9.99,35417.26,11880.18,Person_1288,3998873545.0,Aquarius,Gray,Photography
REC01289,12,13/07/2023,3,0,0,9.2,2.9,226.22,4.12,55007.64,19406.7,Person_1289,3527637022.0,Aries,Black,Cooking
REC01290,8,14/07/2023,0,0,0,7.6,2.79,223.24,,28228.44,9330.31,Person_1290,3738384800.0,Aries,Purple,Music
REC01291,15,15/07/2023,0,0,0,13.9,,194.95,,25654.78,8775.38,Person_1291,3608408114.0,Virgo,Orange,Cooking
REC01292,19,16/07/2023,5,1,0,20.2,3.26,179.16,5.27,66178.64,20907.59,Person_1292,3489092467.0,Leo,Red,Travel
REC01293,6,17/07/2023,5,0,0,10.6,3.01,225.31,,40265.19,13676.26,Person_1293,3049047625.0,Capricorn,Yellow,Music
REC01294,15,18/07/2023,6,0,0,13.8,3.46,203.91,4.13,31536.16,10223.27,Person_1294,3080366492.0,Aries,Purple,Photography
REC01295,1,19/07/2023,0,1,1,25.7,3.61,210.45,6.82,57535.81,18639.69,Person_1295,3213035339.0,Aquarius,Black,Cinema
REC01296,15,20/07/2023,1,0,0,3.7,3.21,177.29,11.11,24054.49,8482.0,Person_1296,3687981924.0,Capricorn,Gray,Travel
REC01297,10,21/07/2023,2,1,0,28.3,3.62,187.73,5.99,49106.21,17442.4,Person_1297,3331553843.0,Virgo,Blue,Gardening
REC01298,6,22/07/2023,5,1,0,11.5,2.32,209.31,6.59,44558.86,15656.53,Person_1298,3598705174.0,Sagittarius,Orange,Hiking
REC01299,17,23/07/2023,3,0,0,20.0,3.54,182.8,7.6,44010.66,15626.89,Person_1299,3410944227.0,Libra,Gray,Cooking
REC01300,16,24/07/2023,1,0,1,,2.8,196.35,7.37,55030.63,18595.75,Person_1300,3708728590.0,Leo,Black,Gaming
REC01301,19,25/07/2023,3,0,0,7.5,,192.67,5.64,38817.15,13794.11,Person_1301,3908405597.0,Libra,White,Travel
REC01302,15,26/07/2023,1,0,1,20.1,3.21,193.0,,44948.72,14220.73,Person_1302,3827152442.0,Pisces,Orange,Hiking
REC01303,17,27/07/2023,4,0,0,20.6,,205.43,4.86,44128.76,14899.71,Person_1303,3068670880.0,Aries,Pink,Hiking
REC01304,16,28/07/2023,6,0,0,14.0,,195.45,2.0,51568.24,17410.18,Person_1304,3624162699.0,Pisces,Blue,Gardening
REC01305,5,29/07/2023,1,0,0,16.8,3.64,204.33,10.7,34095.59,11137.81,Person_1305,3747273485.0,Taurus,Black,Reading
REC01306,2,30/07/2023,4,0,1,35.6,3.34,191.06,8.22,53208.17,16695.7,Person_1306,3989219435.0,Pisces,Green,Hiking
REC01307,7,31/07/2023,5,0,0,26.2,3.19,,12.03,38956.36,12828.15,Person_1307,3282996863.0,Cancer,White,Music
REC01308,13,01/08/2023,0,0,0,14.5,,200.91,9.48,25994.29,8506.03,Person_1308,3321650722.0,Libra,Green,Music
REC01309,11,02/08/2023,2,0,0,5.3,3.54,195.37,7.14,37767.39,12820.0,Person_1309,3915555638.0,Taurus,White,Gardening
REC01310,7,03/08/2023,5,1,0,1.1,2.93,212.22,6.11,60556.86,20045.53,Person_1310,3170708899.0,Capricorn,Yellow,Cinema
REC01311,7,04/08/2023,2,1,0,15.2,3.22,189.3,7.26,54947.17,18518.88,Person_1311,3303269764.0,Taurus,Blue,Music
REC01312,17,05/08/2023,0,0,0,19.1,3.3,186.43,5.51,41230.8,13632.05,Person_1312,3546982764.0,Taurus,Orange,Cooking
REC01313,18,06/08/2023,0,0,0,16.6,3.45,199.31,6.72,33051.22,10360.96,Person_1313,3493783344.0,Leo,White,Reading
REC01314,18,07/08/2023,2,0,0,9.7,3.86,176.09,8.01,31282.88,10624.94,Person_1314,3240046434.0,Virgo,Gray,Hiking
REC01315,15,08/08/2023,1,0,0,21.2,3.31,186.24,9.3,38692.32,12932.62,Person_1315,3912083814.0,Leo,Pink,Gaming
REC01316,13,09/08/2023,1,0,0,20.6,2.66,195.26,9.34,41007.32,13196.21,Person_1316,3415736850.0,Pisces,Purple,Gardening
REC01317,3,10/08/2023,4,0,0,19.2,3.15,223.61,8.99,37452.28,11957.43,Person_1317,3725049786.0,Libra,Purple,Cooking
REC01318,16,11/08/2023,5,0,0,12.7,3.96,222.68,11.02,42287.21,13263.95,Person_1318,3733840292.0,Aquarius,Orange,Photography
REC01319,2,12/08/2023,0,0,0,19.3,3.85,211.07,,30831.01,10798.85,Person_1319,3680299409.0,Scorpio,Black,Reading
REC01320,8,13/08/2023,5,0,0,1.8,3.73,161.93,6.56,43518.65,14192.37,Person_1320,3112971048.0,Aquarius,Yellow,Travel
REC01321,17,14/08/2023,1,0,1,21.0,3.33,213.73,9.96,52478.74,16584.35,Person_1321,3972341595.0,Pisces,Purple,Gardening
REC01322,9,15/08/2023,1,0,0,15.5,2.59,210.89,6.69,31452.2,11024.98,Person_1322,3616672932.0,Gemini,Blue,Gaming
REC01323,5,16/08/2023,1,0,0,17.1,3.84,,,40391.42,13385.55,Person_1323,3515295481.0,Capricorn,Gray,Sports
REC01324,13,17/08/2023,2,1,0,18.3,3.49,213.05,7.8,58574.76,20669.88,Person_1324,3550469888.0,Aquarius,Blue,Gardening
REC01325,17,18/08/2023,3,1,0,26.1,3.3,193.67,4.04,50728.06,16598.94,Person_1325,3072805723.0,Taurus,Green,Travel
REC01326,19,19/08/2023,0,0,0,20.8,3.48,,,48760.13,16298.87,Person_1326,3129308644.0,Capricorn,Yellow,Gaming
REC01327,4,20/08/2023,0,0,0,11.0,3.02,173.04,,36254.79,11992.64,Person_1327,3326234050.0,Gemini,White,Photography
REC01328,1,21/08/2023,4,1,0,21.3,,,7.8,66730.1,21937.49,Person_1328,3844739024.0,Aries,Black,Cinema
REC01329,20,22/08/2023,6,0,0,12.3,2.64,199.06,8.79,36487.22,12932.96,Person_1329,3041080959.0,Scorpio,Purple,Sports
REC01330,10,23/08/2023,6,1,0,19.3,3.24,208.83,9.65,49364.01,17382.19,Person_1330,3293192411.0,Aries,Orange,Cinema
REC01331,8,24/08/2023,2,0,0,16.6,3.08,192.12,9.47,34974.95,11795.37,Person_1331,3745973627.0,Cancer,Green,Gaming
REC01332,7,25/08/2023,2,1,0,2.6,2.94,183.03,9.22,37108.42,13090.53,Person_1332,3197476982.0,Leo,Pink,Gardening
REC01333,20,26/08/2023,1,1,0,12.8,3.98,227.89,7.12,60078.63,20741.52,Person_1333,3662741754.0,Aquarius,Blue,Gaming
REC01334,1,27/08/2023,0,0,0,16.3,3.45,200.9,,34249.39,10735.18,Person_1334,3558444885.0,Libra,Orange,Gaming
REC01335,4,28/08/2023,3,0,0,18.2,3.46,192.23,7.7,35203.3,12188.52,Person_1335,3203055076.0,Taurus,Green,Reading
REC01336,9,29/08/2023,3,0,1,32.1,4.07,193.97,6.86,53360.16,17417.42,Person_1336,3585967686.0,Pisces,Gray,Hiking
REC01337,20,30/08/2023,0,0,0,15.0,3.42,198.07,7.41,34580.74,11490.73,Person_1337,3474548526.0,Libra,Pink,Travel
REC01338,8,31/08/2023,6,1,0,3.5,3.96,172.03,6.97,39661.55,13988.89,Person_1338,3381832062.0,Pisces,Orange,Hiking
REC01339,2,01/09/2023,3,0,0,7.0,2.47,218.49,6.73,52765.02,17283.08,Person_1339,3648166633.0,Scorpio,Gray,Reading
REC01340,13,02/09/2023,6,1,0,23.3,,209.31,9.36,64883.77,20516.58,Person_1340,3124305554.0,Aquarius,Green,Cooking
REC01341,14,03/09/2023,4,0,0,15.7,3.04,212.75,,31601.67,10691.02,Person_1341,3167832301.0,Sagittarius,Red,Reading
REC01342,4,04/09/2023,3,0,0,21.7,3.2,190.58,9.49,46200.11,15647.41,Person_1342,3322378226.0,Virgo,Orange,Music
REC01343,7,05/09/2023,2,1,0,9.9,3.12,221.89,6.92,57610.43,19516.88,Person_1343,3288592931.0,Aries,Orange,Hiking
REC01344,14,06/09/2023,0,1,0,22.8,3.41,,6.57,48752.71,17033.09,Person_1344,3519830488.0,Gemini,White,Cooking
REC01345,10,07/09/2023,2,0,0,10.7,2.76,213.61,,53784.44,16810.97,Person_1345,3292899514.0,Libra,Black,Gaming
REC01346,4,08/09/2023,1,1,0,29.9,3.86,184.55,5.86,57352.46,19002.29,Person_1346,3019443095.0,Aquarius,White,Photography
REC01347,7,09/09/2023,2,1,0,23.0,3.13,216.02,5.29,71904.04,23538.39,Person_1347,3918937124.0,Libra,Red,Photography
REC01348,5,10/09/2023,3,0,0,22.8,3.34,193.11,6.92,36862.57,12536.42,Person_1348,3392145437.0,Capricorn,Blue,Cinema
REC01349,17,11/09/2023,0,1,1,29.0,3.05,,8.15,62232.58,19727.95,Person_1349,3585411376.0,Capricorn,Red,Gaming
REC01350,4,12/09/2023,3,1,1,22.9,3.37,205.04,5.36,71502.24,23029.82,Person_1350,3079011520.0,Pisces,Pink,Travel
REC01351,12,13/09/2023,4,0,0,1.3,4.19,,5.11,36367.5,12976.36,Person_1351,3660767718.0,Aquarius,Orange,Music
REC01352,12,14/09/2023,1,1,0,,3.33,217.89,8.35,53548.14,17127.72,Person_1352,3566042233.0,Taurus,Blue,Music
REC01353,16,15/09/2023,0,1,0,29.4,3.87,216.85,5.25,52780.76,18626.75,Person_1353,3876834760.0,Capricorn,Pink,Sports
REC01354,12,16/09/2023,0,0,0,27.3,3.33,201.92,6.91,43736.94,14203.39,Person_1354,3764408600.0,Leo,Orange,Cinema
REC01355,7,17/09/2023,3,1,0,9.5,3.15,216.67,10.03,46728.78,14670.04,Person_1355,3127430526.0,Aries,Black,Gardening
REC01356,6,18/09/2023,5,1,0,18.7,2.81,203.98,5.39,63196.16,20587.48,Person_1356,3372971203.0,Pisces,Pink,Music
REC01357,7,19/09/2023,6,0,0,21.7,2.46,,6.65,42417.18,13806.85,Person_1357,3925066517.0,Sagittarius,Red,Reading
REC01358,5,20/09/2023,2,0,0,14.2,2.58,215.06,6.96,40726.98,14316.3,Person_1358,3405453669.0,Cancer,Red,Travel
REC01359,12,21/09/2023,1,0,0,21.1,3.07,192.83,,31327.55,10276.47,Person_1359,3173005454.0,Aries,Gray,Cinema
REC01360,15,22/09/2023,5,1,0,16.5,3.71,168.59,6.83,67731.15,23939.27,Person_1360,3787873084.0,Aries,Purple,Reading
REC01361,20,23/09/2023,4,0,0,24.1,3.51,192.43,10.67,47732.26,15280.36,Person_1361,3463424684.0,Aquarius,Orange,Music
REC01362,6,24/09/2023,3,1,0,25.9,3.19,208.8,11.55,48192.44,16739.53,Person_1362,3323965000.0,Pisces,Green,Reading
REC01363,7,25/09/2023,3,1,0,13.9,3.13,202.37,7.53,49344.56,17015.55,Person_1363,3783994792.0,Gemini,Purple,Photography
REC01364,14,26/09/2023,2,1,0,,3.43,202.31,13.61,53764.66,18583.74,Person_1364,3817257598.0,Aries,Green,Sports
REC01365,13,27/09/2023,0,0,0,17.0,3.43,,8.17,40213.57,13568.59,Person_1365,3691390045.0,Taurus,Blue,Sports
REC01366,19,28/09/2023,1,1,0,18.6,2.5,183.59,8.79,49516.45,17385.54,Person_1366,3867910643.0,Aries,White,Hiking
REC01367,19,29/09/2023,6,0,0,4.5,2.91,191.05,8.54,37546.58,13182.13,Person_1367,3971096083.0,Virgo,Orange,Sports
REC01368,9,30/09/2023,0,0,0,34.0,3.19,214.02,7.56,40142.41,14019.55,Person_1368,3806830096.0,Libra,Black,Sports
REC01369,18,01/10/2023,5,0,0,17.3,3.56,,,35100.87,12464.67,Person_1369,3720280526.0,Aries,Pink,Hiking
REC01370,19,02/10/2023,6,1,0,,3.04,205.76,3.77,56106.68,19720.73,Person_1370,3639561844.0,Aries,Red,Gaming
REC01371,10,03/10/2023,6,0,0,20.6,2.71,214.61,6.88,47265.47,15959.23,Person_1371,3161713297.0,Capricorn,White,Gardening
REC01372,18,04/10/2023,3,0,0,,2.48,,6.88,44665.78,14036.04,Person_1372,3819704379.0,Taurus,White,Cooking
REC01373,3,05/10/2023,2,0,0,16.9,3.22,203.19,5.05,53583.03,17545.44,Person_1373,3028494285.0,Aries,Yellow,Reading
REC01374,18,06/10/2023,1,0,0,18.3,3.42,228.88,,42538.78,14632.8,Person_1374,3909903982.0,Libra,Red,Hiking
REC01375,9,07/10/2023,5,0,0,20.4,3.31,211.16,4.61,48178.26,15790.7,Person_1375,3169437804.0,Libra,Green,Gardening
REC01376,10,08/10/2023,0,0,0,12.9,3.82,180.46,7.43,34118.76,11740.91,Person_1376,3501871991.0,Aries,Yellow,Reading
REC01377,19,09/10/2023,2,0,0,18.7,3.28,190.65,7.55,37051.65,12227.49,Person_1377,3051348227.0,Taurus,Yellow,Gaming
REC01378,12,10/10/2023,1,0,0,11.1,2.54,202.4,9.22,41895.08,13979.02,Person_1378,3647027065.0,Aquarius,Yellow,Cooking
REC01379,5,11/10/2023,5,0,0,25.5,3.56,,5.54,42925.45,15148.6,Person_1379,3049559322.0,Leo,White,Gaming
REC01380,11,12/10/2023,5,0,0,10.4,3.59,187.04,8.74,33850.96,10690.04,Person_1380,3516722384.0,Gemini,Orange,Cinema
REC01381,7,13/10/2023,5,0,0,21.9,3.01,194.01,6.44,41305.02,13892.3,Person_1381,3325920826.0,Aquarius,Gray,Gaming
REC01382,14,14/10/2023,6,0,0,30.6,3.93,214.66,7.22,36560.24,11722.96,Person_1382,3497003031.0,Capricorn,Black,Music
REC01383,5,15/10/2023,2,0,0,28.8,3.42,,9.16,26129.25,9061.75,Person_1383,3488283559.0,Pisces,Pink,Music
REC01384,1,16/10/2023,2,1,1,18.5,2.99,198.28,4.76,64702.25,21648.87,Person_1384,3614797779.0,Scorpio,Red,Travel
REC01385,4,17/10/2023,0,1,0,-0.0,2.65,188.26,6.96,41339.93,14442.05,Person_1385,3394429595.0,Pisces,Red,Gaming
REC01386,15,18/10/2023,3,0,0,14.8,3.46,,6.73,30992.9,11009.25,Person_1386,3051505116.0,Capricorn,Gray,Cinema
REC01387,1,19/10/2023,5,0,0,,3.51,208.54,5.54,42296.82,14426.8,Person_1387,3683630409.0,Gemini,White,Cooking
REC01388,4,20/10/2023,6,1,0,15.0,3.25,199.97,4.74,57763.05,18877.97,Person_1388,3872923900.0,Aries,Red,Travel
REC01389,12,21/10/2023,4,1,0,27.7,2.48,190.89,10.59,61899.54,22019.33,Person_1389,3666740629.0,Scorpio,Gray,Sports
REC01390,10,22/10/2023,3,0,1,23.0,3.61,214.12,7.88,47343.04,15556.8,Person_1390,3547293117.0,Capricorn,Pink,Travel
REC01391,12,23/10/2023,4,1,0,14.3,3.11,204.73,7.71,47105.36,15410.49,Person_1391,3344046439.0,Aquarius,Blue,Gardening
REC01392,17,24/10/2023,2,0,0,10.9,3.39,212.75,2.0,50358.76,17413.42,Person_1392,3957250678.0,Pisces,Orange,Cooking
REC01393,10,25/10/2023,4,0,0,10.5,2.96,215.81,7.85,44069.45,14261.21,Person_1393,3572596612.0,Sagittarius,Yellow,Travel
REC01394,5,26/10/2023,5,1,0,19.6,3.18,211.31,7.7,55533.36,19501.6,Person_1394,3372296047.0,Taurus,Red,Sports
REC01395,19,27/10/2023,0,1,0,21.7,3.37,181.87,,59583.76,19557.39,Person_1395,3394165737.0,Virgo,Gray,Gardening
REC01396,15,28/10/2023,4,0,0,24.6,3.09,194.4,6.15,43119.65,14839.17,Person_1396,3826272578.0,Taurus,Yellow,Cooking
REC01397,9,29/10/2023,3,0,0,10.0,2.96,191.31,7.04,43229.76,13725.67,Person_1397,3516960575.0,Virgo,Purple,Travel
REC01398,9,30/10/2023,3,1,0,15.1,3.44,217.89,9.09,62012.72,19409.54,Person_1398,3827501298.0,Gemini,Red,Photography
REC01399,20,31/10/2023,2,0,0,16.2,2.74,196.37,4.54,49781.86,16744.56,Person_1399,3441003579.0,Leo,Purple,Hiking
REC01400,13,01/11/2023,1,1,0,35.4,3.72,199.54,,53649.39,0.0,Person_1400,3682757971.0,Scorpio,Red,Travel
REC01401,20,02/11/2023,1,0,0,,,212.54,,31436.61,11035.81,Person_1401,3126067497.0,Pisces,Purple,Reading
REC01402,5,03/11/2023,6,0,0,21.8,3.45,192.55,9.41,33683.28,11478.96,Person_1402,3581722587.0,Pisces,Orange,Sports
REC01403,20,04/11/2023,2,1,0,29.1,,189.04,4.67,62671.99,20626.46,Person_1403,3109811672.0,Pisces,Pink,Cooking
REC01404,12,05/11/2023,2,0,0,40.0,3.65,213.75,9.42,50283.86,16154.24,Person_1404,3197044451.0,Sagittarius,Gray,Travel
REC01405,11,06/11/2023,3,0,0,21.6,3.33,181.37,5.71,38135.6,12674.85,Person_1405,3387777401.0,Gemini,Green,Sports
REC01406,14,07/11/2023,2,0,0,-80.0,3.26,204.12,7.92,46997.93,14873.06,Person_1406,3118245828.0,Aries,Yellow,Gardening
REC01407,5,08/11/2023,5,0,0,25.5,3.45,191.05,,40492.89,13194.15,Person_1407,3396493398.0,Taurus,Pink,Travel
REC01408,7,09/11/2023,2,0,0,16.3,2.81,206.31,8.06,31840.28,10250.63,Person_1408,3874679917.0,Aries,Yellow,Hiking
REC01409,6,10/11/2023,3,0,0,14.5,3.15,175.88,5.26,36465.2,12752.37,Person_1409,3240252110.0,Sagittarius,Pink,Cinema
REC01410,18,11/11/2023,0,0,0,35.6,2.77,194.93,4.42,27863.71,9874.1,Person_1410,3374910864.0,Scorpio,White,Sports
REC01411,10,12/11/2023,1,1,0,18.9,,203.07,8.23,62967.75,20866.86,Person_1411,3965373455.0,Capricorn,Orange,Gardening
REC01412,6,13/11/2023,3,1,0,17.4,2.46,228.68,11.15,48904.83,16959.2,Person_1412,3289252364.0,Leo,Purple,Hiking
REC01413,7,14/11/2023,0,0,0,40.0,3.06,181.27,,45679.8,15312.09,Person_1413,3671637830.0,Scorpio,Orange,Cinema
REC01414,14,15/11/2023,1,0,0,14.7,3.86,178.44,,38862.97,13328.81,Person_1414,3788043397.0,Libra,Orange,Photography
REC01415,14,16/11/2023,6,0,0,11.0,,194.55,8.68,40413.98,12859.53,Person_1415,3245497503.0,Aquarius,Gray,Music
REC01416,16,17/11/2023,2,1,0,17.3,2.56,186.1,7.02,46069.24,15934.05,Person_1416,3979773003.0,Gemini,Pink,Reading
REC01417,11,18/11/2023,1,0,0,23.6,,,5.11,32348.51,11171.96,Person_1417,3092418097.0,Sagittarius,Red,Hiking
REC01418,16,19/11/2023,5,0,0,-4.2,3.29,198.38,6.17,36160.67,11733.12,Person_1418,3194481250.0,Gemini,Yellow,Reading
REC01419,8,20/11/2023,6,0,0,19.4,2.76,,9.3,40768.05,13156.47,Person_1419,3773645041.0,Sagittarius,Green,Photography
REC01420,13,21/11/2023,4,0,0,11.5,3.24,201.45,,32272.05,11155.87,Person_1420,3117522787.0,Aquarius,Orange,Photography
REC01421,18,22/11/2023,1,1,0,28.5,3.42,232.2,7.14,49718.37,16282.64,Person_1421,3219867838.0,Gemini,Red,Reading
REC01422,8,23/11/2023,0,0,0,20.7,3.09,159.01,8.84,39850.71,12538.33,Person_1422,3257335913.0,Gemini,Orange,Music
REC01423,16,24/11/2023,2,1,0,27.1,2.94,209.08,10.53,58633.39,18591.74,Person_1423,3787464760.0,Taurus,Black,Gardening
REC01424,18,25/11/2023,4,0,0,22.7,2.9,187.77,,38114.17,13195.99,Person_1424,3162114549.0,Sagittarius,Black,Gardening
REC01425,6,26/11/2023,1,1,1,24.1,3.7,199.97,9.73,59838.73,19817.81,Person_1425,3930243147.0,Capricorn,Green,Gardening
REC01426,14,27/11/2023,2,0,0,20.1,2.88,,9.33,32703.85,11250.02,Person_1426,3617884295.0,Taurus,Red,Music
REC01427,17,28/11/2023,2,0,0,,,188.11,,39013.31,13481.25,Person_1427,3011009860.0,Aries,Gray,Cinema
REC01428,13,29/11/2023,3,0,0,21.0,2.6,196.56,10.33,33288.27,11851.53,Person_1428,3799360423.0,Gemini,Pink,Sports
REC01429,4,30/11/2023,6,1,0,24.7,3.51,191.72,9.2,46534.15,16570.18,Person_1429,3951865135.0,Capricorn,Yellow,Photography
REC01430,18,01/12/2023,5,0,0,18.2,3.03,194.21,7.67,48505.96,15219.89,Person_1430,3821568800.0,Leo,Red,Reading
REC01431,18,02/12/2023,0,0,1,11.4,,187.57,7.26,35672.88,11874.59,Person_1431,3452536609.0,Capricorn,White,Reading
REC01432,4,03/12/2023,2,1,0,29.5,2.67,210.63,9.51,44797.3,14879.71,Person_1432,3285817503.0,Capricorn,Yellow,Gardening
REC01433,5,04/12/2023,2,0,0,6.2,3.01,180.73,8.14,38704.12,13783.68,Person_1433,3641732431.0,Gemini,White,Music
REC01434,11,05/12/2023,3,0,0,25.7,2.93,225.9,5.79,54331.96,17409.66,Person_1434,3734174982.0,Leo,White,Reading
REC01435,15,06/12/2023,2,1,0,8.1,3.12,188.66,6.35,59104.1,19314.61,Person_1435,3691878540.0,Sagittarius,Pink,Cinema
REC01436,7,07/12/2023,0,0,0,27.5,3.12,207.94,8.18,38571.59,12751.91,Person_1436,3734605606.0,Leo,White,Cinema
REC01437,12,08/12/2023,4,1,0,14.8,2.64,212.98,5.75,58862.31,19659.09,Person_1437,3503919560.0,Cancer,Gray,Gardening
REC01438,13,09/12/2023,1,0,0,8.1,3.38,200.3,6.94,39000.7,13340.52,Person_1438,3935342242.0,Aries,Blue,Gardening
REC01439,12,10/12/2023,1,0,0,30.8,3.1,,7.65,43657.05,14872.25,Person_1439,3070580886.0,Pisces,Yellow,Reading
REC01440,9,11/12/2023,1,1,0,15.9,2.93,,5.74,67422.88,21098.88,Person_1440,3629022687.0,Cancer,White,Sports
REC01441,9,12/12/2023,2,1,1,,2.94,208.58,6.2,56542.87,19265.28,Person_1441,3735193511.0,Gemini,Orange,Sports
REC01442,19,13/12/2023,3,0,0,20.7,3.16,211.8,6.38,47530.64,15624.41,Person_1442,3057369013.0,Libra,White,Hiking
REC01443,12,14/12/2023,0,1,0,25.7,2.48,214.56,6.43,58530.91,18609.19,Person_1443,3623645130.0,Leo,Yellow,Gardening
REC01444,3,15/12/2023,6,1,0,15.5,3.63,212.6,7.61,63618.46,20072.61,Person_1444,3868050276.0,Aquarius,Gray,Gardening
REC01445,20,16/12/2023,4,0,0,11.5,3.79,190.8,11.41,44700.26,14962.02,Person_1445,3696624897.0,Gemini,Yellow,Reading
REC01446,1,17/12/2023,2,1,0,18.8,3.15,199.87,4.61,70441.19,23164.23,Person_1446,3540312648.0,Aries,Yellow,Cooking
REC01447,10,18/12/2023,6,1,0,8.4,3.35,193.55,11.06,52013.37,16729.4,Person_1447,3057083398.0,Taurus,Orange,Travel
REC01448,5,19/12/2023,4,0,0,26.1,3.67,182.65,8.63,36702.62,12435.33,Person_1448,3090040431.0,Libra,Blue,Gardening
REC01449,10,20/12/2023,6,1,0,17.9,4.3,197.37,5.18,64425.02,20641.66,Person_1449,3938086028.0,Virgo,White,Sports
REC01450,8,21/12/2023,1,0,0,18.5,3.4,210.48,5.74,39276.13,12654.44,Person_1450,3060398623.0,Capricorn,Black,Gardening
REC01451,12,22/12/2023,1,0,0,10.0,3.52,206.92,8.81,32299.76,11204.99,Person_1451,3905880031.0,Cancer,Green,Gaming
REC01452,18,23/12/2023,5,0,0,,3.53,222.25,7.6,43137.67,14931.03,Person_1452,3852830341.0,Libra,Black,Gaming
REC01453,19,24/12/2023,3,0,0,11.3,,197.76,7.85,50607.55,16076.28,Person_1453,3664526107.0,Leo,Green,Music
REC01454,20,25/12/2023,2,1,0,13.9,,181.25,7.91,53585.63,17677.73,Person_1454,3352963334.0,Taurus,Green,Travel
REC01455,11,26/12/2023,2,1,0,,3.48,208.72,6.6,52442.06,18370.17,Person_1455,3197704308.0,Scorpio,Orange,Cooking
REC01456,4,27/12/2023,5,0,0,32.8,3.72,,,44523.32,14704.98,Person_1456,3471343126.0,Taurus,Orange,Gaming
REC01457,4,28/12/2023,1,1,0,18.5,3.27,190.8,10.16,69889.26,22927.83,Person_1457,3151128669.0,Scorpio,Blue,Sports
REC01458,12,29/12/2023,2,0,0,24.3,2.63,216.28,5.24,58494.74,19093.86,Person_1458,3645726179.0,Cancer,Red,Cooking
REC01459,14,30/12/2023,2,0,0,8.9,2.79,197.36,6.37,36226.7,11932.08,Person_1459,3221896888.0,Cancer,White,Hiking
REC01460,15,31/12/2023,1,1,0,-3.2,3.31,196.34,6.52,51182.29,17363.45,Person_1460,3956784799.0,Aries,Gray,Cooking
REC01461,20,01/01/2023,4,0,0,-2.8,,197.43,7.91,35312.31,11855.01,Person_1461,3093465124.0,Taurus,Yellow,Music
REC01462,18,02/01/2023,6,0,0,14.9,3.16,187.69,6.24,46284.04,15279.17,Person_1462,3870888498.0,Capricorn,Green,Gaming
REC01463,12,03/01/2023,1,0,0,16.0,3.43,207.52,9.56,41616.36,13667.66,Person_1463,3803611769.0,Scorpio,Green,Cooking
REC01464,18,04/01/2023,5,0,0,21.5,3.24,197.69,14.52,41340.85,12978.36,Person_1464,3418169684.0,Aries,Black,Gaming
REC01465,11,05/01/2023,5,1,0,9.0,2.79,,,52876.06,18394.19,Person_1465,3591408607.0,Leo,Gray,Reading
REC01466,18,06/01/2023,4,0,0,15.6,3.67,201.6,7.37,40013.49,13421.47,Person_1466,3332812060.0,Cancer,Blue,Cooking
REC01467,15,07/01/2023,4,0,0,3.9,3.38,,6.72,53777.16,17375.33,Person_1467,3854508970.0,Leo,Purple,Photography
REC01468,1,08/01/2023,0,0,0,,2.71,202.53,7.97,26093.81,8338.79,Person_1468,3094955524.0,Virgo,Orange,Gardening
REC01469,11,09/01/2023,2,0,0,8.3,3.18,167.63,4.5,36249.17,12822.68,Person_1469,3932698867.0,Pisces,Red,Reading
REC01470,13,10/01/2023,0,1,0,-80.0,2.79,193.04,7.89,46363.67,15471.52,Person_1470,3680365568.0,Aquarius,White,Music
REC01471,7,11/01/2023,4,1,0,23.7,3.39,190.32,5.32,58080.17,18646.02,Person_1471,3143655919.0,Virgo,Black,Gaming
REC01472,15,12/01/2023,3,0,0,-0.3,3.81,181.96,7.63,40762.27,14182.42,Person_1472,3751141254.0,Aquarius,Orange,Hiking
REC01473,10,13/01/2023,2,0,1,15.0,2.7,182.45,8.21,53524.17,17501.6,Person_1473,3807341045.0,Gemini,White,Cinema
REC01474,14,14/01/2023,1,0,0,7.6,3.56,212.25,8.58,30533.55,9803.81,Person_1474,3428744611.0,Gemini,Green,Music
REC01475,19,15/01/2023,2,0,0,31.8,3.38,178.0,4.31,50334.31,17532.03,Person_1475,3264440485.0,Capricorn,Red,Reading
REC01476,12,16/01/2023,4,0,0,6.6,,192.85,4.12,46556.67,14627.84,Person_1476,3189453717.0,Sagittarius,Green,Sports
REC01477,11,17/01/2023,4,0,0,22.2,2.74,180.82,6.92,43021.76,14207.07,Person_1477,3524762580.0,Gemini,Green,Photography
REC01478,15,18/01/2023,6,0,0,21.7,3.06,194.66,3.45,46297.18,16013.7,Person_1478,3444925304.0,Capricorn,Red,Music
REC01479,8,19/01/2023,5,0,0,18.4,,205.51,,44061.89,14078.69,Person_1479,3569837078.0,Aquarius,Yellow,Hiking
REC01480,5,20/01/2023,2,1,0,21.3,,208.89,9.36,60205.12,19153.69,Person_1480,3490076538.0,Gemini,Red,Music
REC01481,18,21/01/2023,2,1,0,18.6,3.07,203.55,9.51,42707.42,14662.96,Person_1481,3915134001.0,Gemini,Pink,Sports
REC01482,13,22/01/2023,2,0,0,30.2,3.66,,4.38,35098.15,12309.16,Person_1482,3070054623.0,Scorpio,Purple,Photography
REC01483,16,23/01/2023,5,1,1,15.2,3.06,218.52,7.3,71590.68,24847.08,Person_1483,3636140145.0,Aquarius,Gray,Cinema
REC01484,7,24/01/2023,1,1,0,9.2,2.79,218.8,7.04,62921.11,20256.24,Person_1484,3037324031.0,Sagittarius,White,Photography
REC01485,18,25/01/2023,4,0,0,15.9,2.51,203.07,8.65,43521.46,14190.22,Person_1485,3511002483.0,Pisces,Yellow,Gardening
REC01486,4,26/01/2023,6,0,0,18.1,4.14,235.95,8.19,41859.86,14329.03,Person_1486,3855625014.0,Gemini,Red,Cooking
REC01487,14,27/01/2023,5,0,0,13.0,,195.45,7.44,46401.46,15191.47,Person_1487,3519744518.0,Gemini,Blue,Travel
REC01488,1,28/01/2023,0,1,0,21.5,2.99,178.49,6.81,50629.12,17829.28,Person_1488,3309529922.0,Capricorn,Red,Music
REC01489,1,29/01/2023,4,0,1,32.3,3.64,191.38,,44364.72,15826.28,Person_1489,3828815792.0,Leo,White,Gardening
REC01490,4,30/01/2023,4,0,0,11.2,2.99,210.92,4.91,44385.12,13984.69,Person_1490,3775368560.0,Libra,Gray,Cinema
REC01491,14,31/01/2023,6,0,0,19.8,2.66,222.97,8.59,32295.11,10250.69,Person_1491,3416090624.0,Virgo,Red,Gardening
REC01492,5,01/02/2023,1,0,0,22.7,2.95,225.52,7.05,28815.06,10040.01,Person_1492,3269114059.0,Capricorn,Red,Cinema
REC01493,1,02/02/2023,3,1,0,28.7,3.31,210.56,4.22,53594.56,17889.23,Person_1493,3693049957.0,Sagittarius,Orange,Music
REC01494,16,03/02/2023,6,0,0,23.4,2.29,204.09,,27440.86,9539.44,Person_1494,3818563414.0,Pisces,Yellow,Gardening
REC01495,14,04/02/2023,2,0,0,27.5,3.24,,8.6,44082.36,14954.93,Person_1495,3361170959.0,Aries,Blue,Cinema
REC01496,13,05/02/2023,5,1,0,,3.17,214.69,10.78,42677.54,14287.47,Person_1496,3096448938.0,Virgo,Yellow,Sports
REC01497,3,06/02/2023,0,1,0,16.9,3.16,175.01,8.72,45128.39,15411.51,Person_1497,3260738392.0,Cancer,Blue,Music
REC01498,19,07/02/2023,2,0,0,9.7,,199.27,11.54,30036.74,9462.78,Person_1498,3813388572.0,Cancer,Purple,Gardening
REC01499,4,08/02/2023,5,0,0,30.7,3.72,198.73,9.01,49897.82,16693.53,Person_1499,3321914025.0,Gemini,White,Photography
REC01500,7,09/02/2023,6,1,0,6.6,3.31,206.42,2.77,59239.98,19220.11,Person_1500,3559882176.0,Scorpio,Pink,Gardening
REC01501,17,10/02/2023,6,0,0,22.8,3.36,207.86,8.14,35407.38,11200.74,Person_1501,3778190509.0,Libra,Red,Sports
REC01502,16,11/02/2023,1,0,0,18.5,3.31,205.77,6.59,39321.19,13615.96,Person_1502,3403339874.0,Aries,Purple,Gaming
REC01503,3,12/02/2023,1,0,0,21.6,3.35,196.68,4.12,49154.21,15374.71,Person_1503,3347022176.0,Cancer,Orange,Hiking
REC01504,19,13/02/2023,1,0,0,25.9,2.62,202.02,7.41,34656.79,11790.0,Person_1504,3393058563.0,Taurus,Gray,Reading
REC01505,9,14/02/2023,3,1,0,15.1,3.53,192.49,8.61,40475.76,13771.14,Person_1505,3861349830.0,Aries,Purple,Hiking
REC01506,4,15/02/2023,1,0,0,,3.35,205.59,7.39,30870.34,9811.72,Person_1506,3899239758.0,Cancer,Blue,Gardening
REC01507,9,16/02/2023,0,1,0,18.3,3.72,196.04,7.94,52276.51,16536.6,Person_1507,3449438243.0,Libra,Pink,Photography
REC01508,13,17/02/2023,1,0,0,1.6,3.84,165.54,4.0,41664.85,13955.1,Person_1508,3550074706.0,Aquarius,Pink,Photography
REC01509,3,18/02/2023,3,1,0,31.6,2.89,232.59,7.42,58239.02,20308.38,Person_1509,3249926577.0,Cancer,Green,Hiking
REC01510,7,19/02/2023,5,1,0,13.2,2.99,216.29,4.46,65451.79,20467.39,Person_1510,3546095246.0,Virgo,White,Gardening
REC01511,19,20/02/2023,3,0,0,19.6,3.64,211.37,,45053.38,14111.57,Person_1511,3864827817.0,Aquarius,White,Cinema
REC01512,16,21/02/2023,4,0,0,28.6,3.45,184.21,7.49,26537.48,9345.28,Person_1512,3734393083.0,Aries,Black,Photography
REC01513,11,22/02/2023,6,1,0,24.6,3.08,170.69,4.99,51506.79,17441.55,Person_1513,3771718525.0,Leo,Black,Photography
REC01514,18,23/02/2023,0,1,0,25.0,3.21,188.56,6.82,47464.5,15181.49,Person_1514,3014907616.0,Virgo,Blue,Gaming
REC01515,7,24/02/2023,1,0,0,11.6,3.55,241.21,6.73,44470.17,15641.62,Person_1515,3260419061.0,Aquarius,Black,Sports
REC01516,12,25/02/2023,0,0,0,16.8,3.77,189.17,5.7,43082.34,13918.47,Person_1516,3758914538.0,Pisces,Yellow,Hiking
REC01517,20,26/02/2023,0,0,0,31.5,3.08,,6.27,38729.91,13300.14,Person_1517,3292596144.0,Virgo,Black,Cooking
REC01518,16,27/02/2023,2,0,1,30.2,2.44,,9.82,36019.26,12694.68,Person_1518,3320078999.0,Leo,Pink,Gardening
REC01519,17,28/02/2023,5,0,0,18.2,3.38,192.24,7.47,43524.88,13636.46,Person_1519,3424521480.0,Aries,Purple,Music
REC01520,1,01/03/2023,2,0,0,12.4,3.1,183.79,5.13,31424.27,9862.59,Person_1520,3384153847.0,Gemini,Orange,Photography
REC01521,1,02/03/2023,5,0,0,21.3,3.21,211.05,10.1,32101.36,11223.76,Person_1521,3926075499.0,Sagittarius,Orange,Photography
REC01522,14,03/03/2023,3,1,0,10.4,,,7.95,53348.18,17688.61,Person_1522,3173373627.0,Leo,Purple,Travel
REC01523,17,04/03/2023,2,0,0,20.5,3.66,202.45,9.08,44257.8,13896.04,Person_1523,3547460340.0,Aquarius,Red,Sports
REC01524,15,05/03/2023,4,0,0,10.7,3.28,218.53,5.18,42748.76,13960.85,Person_1524,3329276156.0,Aries,Green,Travel
REC01525,11,06/03/2023,3,0,0,26.5,3.52,186.22,6.96,49546.12,17229.01,Person_1525,3318609955.0,Leo,Yellow,Gaming
REC01526,20,07/03/2023,0,1,0,13.6,2.91,217.12,5.6,48949.13,16491.94,Person_1526,3636541185.0,Pisces,Yellow,Cooking
REC01527,11,08/03/2023,6,1,0,28.5,2.64,192.91,6.6,62919.74,21510.74,Person_1527,3057325638.0,Cancer,Green,Photography
REC01528,16,09/03/2023,1,0,0,20.6,3.23,,8.33,45598.37,14542.09,Person_1528,3615613783.0,Taurus,Pink,Gaming
REC01529,15,10/03/2023,1,0,0,,3.6,206.95,6.71,42139.98,13361.39,Person_1529,3648315963.0,Aquarius,Black,Gaming
REC01530,18,11/03/2023,5,0,0,39.6,3.03,198.37,8.46,46061.27,15264.97,Person_1530,3261165537.0,Pisces,Red,Travel
REC01531,7,12/03/2023,0,0,0,19.5,2.92,189.98,5.84,34934.26,12174.27,Person_1531,3546049350.0,Aquarius,Black,Cooking
REC01532,15,13/03/2023,3,0,0,36.0,3.04,206.29,6.89,55652.99,17664.42,Person_1532,3825383410.0,Aries,Purple,Reading
REC01533,9,14/03/2023,0,1,0,5.3,3.92,212.42,5.74,42083.97,13362.86,Person_1533,3151912914.0,Scorpio,Orange,Hiking
REC01534,17,15/03/2023,4,1,0,23.1,3.2,225.62,2.0,72006.33,23674.9,Person_1534,3832253655.0,Sagittarius,Black,Cooking
REC01535,8,16/03/2023,3,0,0,7.6,3.1,,6.1,36147.18,12582.23,Person_1535,3495419481.0,Taurus,Pink,Gaming
REC01536,7,17/03/2023,4,0,0,38.9,3.46,209.65,,54819.95,17842.35,Person_1536,3297108165.0,Taurus,Gray,Gardening
REC01537,13,18/03/2023,1,1,1,15.5,3.06,180.32,10.87,65735.73,21729.91,Person_1537,3920548682.0,Taurus,Purple,Cooking
REC01538,10,19/03/2023,2,0,0,29.4,,209.75,5.88,43023.71,15357.52,Person_1538,3108545677.0,Leo,Black,Music
REC01539,13,20/03/2023,5,0,0,,3.17,201.74,8.04,48723.6,15308.93,Person_1539,3421746300.0,Pisces,Black,Gaming
REC01540,3,21/03/2023,0,0,0,19.8,3.35,218.61,8.23,35193.89,11102.3,Person_1540,3594152586.0,Pisces,Purple,Photography
REC01541,11,22/03/2023,6,0,0,20.5,2.65,202.95,7.21,42573.89,13843.8,Person_1541,3378667944.0,Aries,Black,Gaming
REC01542,19,23/03/2023,0,1,0,9.0,3.17,217.04,5.75,49975.02,15692.94,Person_1542,3317481870.0,Capricorn,Yellow,Cinema
REC01543,1,24/03/2023,2,0,0,14.7,3.27,206.93,4.2,47209.22,16175.77,Person_1543,3278161704.0,Pisces,Black,Hiking
REC01544,12,25/03/2023,3,0,1,29.8,3.33,161.49,7.0,46534.0,15465.03,Person_1544,3016704782.0,Taurus,Yellow,Cooking
REC01545,15,26/03/2023,3,0,0,6.8,3.62,199.87,8.44,35150.6,11076.44,Person_1545,3776873932.0,Capricorn,Blue,Hiking
REC01546,19,27/03/2023,1,1,0,9.0,3.35,170.64,,60324.81,19288.5,Person_1546,3716508880.0,Pisces,Pink,Gaming
REC01547,8,28/03/2023,6,1,0,21.1,3.33,188.69,10.05,63119.67,19758.38,Person_1547,3295036117.0,Aries,White,Hiking
REC01548,8,29/03/2023,6,1,0,25.6,2.9,,,54032.55,18016.36,Person_1548,3348395791.0,Libra,Black,Gaming
REC01549,9,30/03/2023,1,0,0,17.9,3.36,206.51,7.33,47128.98,15257.85,Person_1549,3996056368.0,Aquarius,Blue,Gaming
REC01550,8,31/03/2023,6,0,0,,,184.04,7.77,46905.21,15237.32,Person_1550,3646509166.0,Aquarius,Black,Hiking
REC01551,10,01/04/2023,6,0,0,25.1,3.24,195.47,5.61,53089.42,16598.95,Person_1551,3452445738.0,Aquarius,Purple,Music
REC01552,12,02/04/2023,6,0,0,,3.15,188.99,,49091.27,15901.92,Person_1552,3069825710.0,Capricorn,Gray,Sports
REC01553,7,03/04/2023,4,0,1,14.5,2.92,216.7,6.89,46625.8,16333.13,Person_1553,3517043628.0,Gemini,Gray,Gardening
REC01554,4,04/04/2023,0,0,0,23.7,,158.76,9.53,26599.31,8897.95,Person_1554,3786143160.0,Libra,White,Reading
REC01555,9,05/04/2023,0,1,0,15.8,3.43,197.08,3.62,54729.87,18270.1,Person_1555,3621714678.0,Virgo,Blue,Hiking
REC01556,1,06/04/2023,6,0,0,7.9,3.85,185.01,6.92,41564.86,13524.29,Person_1556,3461861011.0,Aquarius,Orange,Gaming
REC01557,3,07/04/2023,3,1,0,19.8,,199.94,7.24,60584.89,19166.61,Person_1557,3380908378.0,Capricorn,Pink,Music
REC01558,6,08/04/2023,3,0,0,28.8,2.77,183.0,7.45,40825.72,13587.57,Person_1558,3561914209.0,Aries,Orange,Sports
REC01559,18,09/04/2023,2,0,0,14.6,3.02,218.27,4.48,44882.94,14396.36,Person_1559,3429659469.0,Virgo,Red,Reading
REC01560,15,10/04/2023,1,0,0,9.6,3.88,208.8,7.47,36466.09,12608.29,Person_1560,3431302022.0,Pisces,Green,Music
REC01561,5,11/04/2023,1,0,0,12.5,2.81,211.18,6.04,41529.37,13940.81,Person_1561,3865818690.0,Leo,Green,Music
REC01562,9,12/04/2023,6,0,0,20.8,3.02,198.39,5.38,46922.29,15165.48,Person_1562,3560106184.0,Cancer,Purple,Sports
REC01563,7,13/04/2023,6,0,1,22.3,3.77,212.45,5.24,34701.61,11767.23,Person_1563,3789906350.0,Scorpio,Gray,Travel
REC01564,6,14/04/2023,2,0,0,14.4,3.29,,8.34,41388.65,13999.66,Person_1564,3182084411.0,Cancer,Orange,Music
REC01565,17,15/04/2023,4,0,0,23.9,3.36,212.36,7.61,38862.89,13791.76,Person_1565,3189207484.0,Cancer,Blue,Travel
REC01566,12,16/04/2023,6,0,0,25.7,3.07,174.63,9.32,50472.48,15789.99,Person_1566,3907376193.0,Libra,Blue,Cooking
REC01567,6,17/04/2023,1,0,0,32.9,3.1,193.52,7.78,47968.84,17051.83,Person_1567,3970423051.0,Sagittarius,Black,Reading
REC01568,12,18/04/2023,4,0,0,21.8,3.08,198.86,6.0,43865.64,15000.35,Person_1568,3632427759.0,Gemini,Green,Hiking
REC01569,13,19/04/2023,5,0,0,17.3,3.23,,8.72,29503.79,9829.99,Person_1569,3103951595.0,Libra,Red,Travel
REC01570,4,20/04/2023,6,1,1,11.7,3.23,178.2,8.99,56101.62,19356.88,Person_1570,3632500059.0,Pisces,Purple,Hiking
REC01571,4,21/04/2023,2,0,1,13.3,3.14,185.57,4.78,51498.16,16642.6,Person_1571,3916690072.0,Cancer,Red,Travel
REC01572,10,22/04/2023,6,1,0,25.7,3.33,179.92,11.49,59517.9,19016.5,Person_1572,3710752091.0,Aries,Blue,Gardening
REC01573,16,23/04/2023,4,0,0,14.3,,190.56,8.43,39078.69,12910.63,Person_1573,3057546702.0,Aries,White,Hiking
REC01574,12,24/04/2023,0,0,0,10.5,3.05,197.69,5.53,32494.2,10889.28,Person_1574,3546663674.0,Aquarius,Purple,Reading
REC01575,4,25/04/2023,3,0,0,,3.36,197.07,4.74,57177.21,18153.96,Person_1575,3897710177.0,Pisces,White,Photography
REC01576,5,26/04/2023,2,0,0,,2.88,214.18,6.77,35093.51,11244.07,Person_1576,3687725133.0,Cancer,Green,Music
REC01577,16,27/04/2023,5,0,0,6.2,3.14,189.53,10.16,32582.31,10491.62,Person_1577,3917557053.0,Leo,Green,Reading
REC01578,12,28/04/2023,4,0,0,20.8,2.92,193.42,6.14,44488.37,14740.63,Person_1578,3682454627.0,Virgo,Green,Sports
REC01579,15,29/04/2023,4,1,0,15.1,3.67,,2.0,68127.44,21910.3,Person_1579,3830990922.0,Pisces,Yellow,Reading
REC01580,15,30/04/2023,6,0,0,,2.67,205.69,3.4,48696.18,16193.98,Person_1580,3388853329.0,Libra,Gray,Gardening
REC01581,2,01/05/2023,4,0,0,15.6,3.28,177.71,5.67,35459.5,11517.72,Person_1581,3838123364.0,Sagittarius,Red,Music
REC01582,18,02/05/2023,0,0,0,15.5,3.05,198.91,9.05,30004.36,9784.66,Person_1582,3041381901.0,Taurus,Red,Music
REC01583,16,03/05/2023,6,1,0,,2.62,208.87,9.16,58412.12,20399.06,Person_1583,3344941626.0,Aries,Black,Cinema
REC01584,1,04/05/2023,0,1,0,10.2,2.91,180.29,4.99,45965.33,15655.16,Person_1584,3659023987.0,Aries,Orange,Cinema
REC01585,18,05/05/2023,4,0,0,13.2,2.89,177.33,5.61,42806.04,14648.07,Person_1585,3694794915.0,Pisces,Pink,Travel
REC01586,20,06/05/2023,1,1,0,14.2,3.04,163.48,5.85,70896.75,22766.97,Person_1586,3062212998.0,Libra,Green,Reading
REC01587,18,07/05/2023,1,1,1,13.7,2.94,218.56,6.71,58700.46,18740.95,Person_1587,3527836771.0,Leo,Purple,Reading
REC01588,20,08/05/2023,3,0,0,23.7,3.07,210.77,7.8,43601.82,14684.09,Person_1588,3834447645.0,Scorpio,Blue,Photography
REC01589,4,09/05/2023,2,0,0,10.0,3.3,206.75,,35616.94,12421.14,Person_1589,3427371591.0,Pisces,White,Music
REC01590,17,10/05/2023,6,1,0,23.3,,203.38,9.01,57267.35,20048.27,Person_1590,3048241743.0,Aries,Purple,Gardening
REC01591,6,11/05/2023,2,1,0,29.2,4.17,187.34,5.74,72382.25,22981.79,Person_1591,3321666010.0,Scorpio,White,Music
REC01592,1,12/05/2023,6,0,0,0.8,3.95,216.9,9.33,33657.78,11950.95,Person_1592,3644049175.0,Pisces,Blue,Travel
REC01593,18,13/05/2023,5,0,0,29.0,3.5,205.17,9.02,36711.06,12294.69,Person_1593,3043486251.0,Aquarius,Black,Hiking
REC01594,10,14/05/2023,3,0,0,36.8,3.7,,8.66,37246.21,12253.66,Person_1594,3313975756.0,Taurus,Red,Gardening
REC01595,11,15/05/2023,0,1,0,25.1,2.2,185.86,6.43,43214.96,14998.94,Person_1595,3380912452.0,Aquarius,Yellow,Music
REC01596,2,16/05/2023,0,0,0,13.4,3.11,177.18,9.92,28719.25,9266.47,Person_1596,3308302436.0,Virgo,Pink,Travel
REC01597,15,17/05/2023,0,0,0,,3.76,205.45,7.38,37229.94,12598.88,Person_1597,3959057681.0,Libra,Orange,Gaming
REC01598,17,18/05/2023,1,0,0,21.7,2.65,222.42,6.81,37856.66,13461.5,Person_1598,3009382420.0,Capricorn,Black,Music
REC01599,9,19/05/2023,4,0,1,25.0,2.55,199.06,5.56,53608.41,17317.6,Person_1599,3404434850.0,Aquarius,Purple,Reading
REC01600,3,20/05/2023,1,0,0,20.2,3.93,222.8,5.95,36148.0,11998.26,Person_1600,3872956698.0,Capricorn,White,Travel
REC01601,18,21/05/2023,2,0,0,10.5,3.19,219.51,8.48,45253.14,15744.04,Person_1601,3454722807.0,Cancer,Blue,Sports
REC01602,9,22/05/2023,1,0,0,20.0,3.3,204.47,,53591.35,18926.62,Person_1602,3710430928.0,Capricorn,Black,Gaming
REC01603,16,23/05/2023,6,0,0,19.9,2.74,187.86,9.27,26531.02,9188.14,Person_1603,3182663174.0,Sagittarius,Blue,Photography
REC01604,1,24/05/2023,5,1,0,13.8,3.89,197.6,7.63,52183.26,17231.23,Person_1604,3853159357.0,Aquarius,White,Cinema
REC01605,5,25/05/2023,3,0,0,28.1,3.46,218.86,6.96,35230.42,11292.42,Person_1605,3225828579.0,Aries,Pink,Photography
REC01606,3,26/05/2023,2,0,0,16.3,2.99,199.3,10.27,36425.71,11523.04,Person_1606,3611608866.0,Virgo,Blue,Travel
REC01607,11,27/05/2023,2,0,0,17.8,2.75,209.31,6.43,36688.58,13101.44,Person_1607,3957853022.0,Gemini,Orange,Hiking
REC01608,14,28/05/2023,4,0,0,19.3,2.66,219.04,4.84,40351.82,13957.06,Person_1608,3905572214.0,Taurus,Red,Cinema
REC01609,17,29/05/2023,0,0,0,19.4,3.29,216.78,6.34,37746.19,13146.62,Person_1609,3330327321.0,Taurus,Yellow,Reading
REC01610,8,30/05/2023,4,1,0,25.7,3.41,214.23,9.82,66514.25,21832.04,Person_1610,3392506857.0,Virgo,Orange,Gaming
REC01611,10,31/05/2023,0,0,0,20.0,3.22,197.12,6.65,40919.77,13699.8,Person_1611,3090258662.0,Pisces,Orange,Reading
REC01612,1,01/06/2023,2,0,0,25.6,3.24,207.36,9.48,36279.94,12807.97,Person_1612,3006694978.0,Scorpio,Gray,Photography
REC01613,15,02/06/2023,2,1,0,,3.14,193.31,5.73,58332.19,19688.14,Person_1613,3463304878.0,Gemini,Orange,Travel
REC01614,15,03/06/2023,5,0,0,17.0,2.92,187.39,7.61,43531.96,13613.42,Person_1614,3052390603.0,Leo,Yellow,Hiking
REC01615,18,04/06/2023,4,1,0,35.4,2.78,194.79,6.0,73502.45,23770.91,Person_1615,3448558844.0,Aries,Purple,Gaming
REC01616,16,05/06/2023,4,0,0,16.3,3.22,204.14,4.95,35391.16,12317.04,Person_1616,3487725644.0,Leo,Blue,Music
REC01617,9,06/06/2023,4,0,0,,2.98,199.4,5.88,40379.59,14374.62,Person_1617,3476583006.0,Aries,Pink,Hiking
REC01618,7,07/06/2023,4,1,0,16.3,2.98,209.25,5.22,60086.75,19155.84,Person_1618,3530375554.0,Capricorn,Black,Reading
REC01619,13,08/06/2023,2,1,0,12.4,2.82,186.47,5.72,59370.72,19977.16,Person_1619,3675333319.0,Virgo,Gray,Photography
REC01620,19,09/06/2023,3,0,0,9.9,3.98,210.44,5.1,29920.88,10299.05,Person_1620,3445221462.0,Leo,Green,Travel
REC01621,16,10/06/2023,5,0,0,15.1,3.73,198.88,6.71,52477.78,17176.73,Person_1621,3973871726.0,Gemini,Red,Hiking
REC01622,11,11/06/2023,5,0,0,26.3,2.54,234.87,7.46,37625.7,12303.39,Person_1622,3208987753.0,Aries,Purple,Gardening
REC01623,19,12/06/2023,5,0,0,20.8,3.26,180.19,4.97,49729.3,17432.76,Person_1623,3211033182.0,Libra,Purple,Cooking
REC01624,14,13/06/2023,2,0,0,11.0,2.97,196.38,6.25,47003.52,15938.13,Person_1624,3345374071.0,Aquarius,Orange,Hiking
REC01625,13,14/06/2023,0,0,0,,2.3,,4.6,48128.89,15510.0,Person_1625,3211481423.0,Aquarius,Black,Hiking
REC01626,5,15/06/2023,0,0,0,33.8,,159.64,7.52,38978.65,13828.18,Person_1626,3372365454.0,Virgo,Purple,Hiking
REC01627,16,16/06/2023,4,0,0,21.0,3.13,183.63,3.03,44715.57,15222.44,Person_1627,3770655023.0,Gemini,Orange,Travel
REC01628,20,17/06/2023,2,1,0,21.0,3.37,195.65,8.11,48518.24,16509.02,Person_1628,3715966265.0,Taurus,White,Cinema
REC01629,12,18/06/2023,2,1,0,,3.98,178.67,7.76,56498.79,19860.71,Person_1629,3309886312.0,Aries,Green,Travel
REC01630,15,19/06/2023,3,1,0,4.1,3.71,186.94,5.78,61202.5,21493.84,Person_1630,3028188298.0,Leo,Orange,Hiking
REC01631,9,20/06/2023,5,1,0,20.4,3.66,210.04,8.31,52456.09,17949.38,Person_1631,3413859256.0,Virgo,Pink,Gardening
REC01632,1,21/06/2023,1,1,0,24.8,3.24,200.09,8.12,60124.96,19913.34,Person_1632,3696746300.0,Pisces,Blue,Hiking
REC01633,17,22/06/2023,3,0,0,15.9,2.98,201.01,7.18,40260.23,13384.39,Person_1633,3811654187.0,Sagittarius,Blue,Sports
REC01634,18,23/06/2023,5,1,0,22.4,3.71,,8.54,53476.03,17911.08,Person_1634,3356068048.0,Pisces,Pink,Gaming
REC01635,2,24/06/2023,2,0,0,6.2,3.16,199.56,6.33,49951.74,16110.99,Person_1635,3346948964.0,Gemini,White,Photography
REC01636,10,25/06/2023,3,0,0,21.1,3.25,196.01,8.04,44127.87,14921.13,Person_1636,3526484647.0,Libra,Red,Reading
REC01637,4,26/06/2023,6,0,0,22.6,3.09,202.84,7.15,46661.45,14731.89,Person_1637,3437923897.0,Cancer,Blue,Gaming
REC01638,17,27/06/2023,5,0,0,20.5,2.98,210.7,6.78,40687.09,13418.04,Person_1638,3629255241.0,Taurus,Pink,Hiking
REC01639,20,28/06/2023,2,0,0,15.4,3.11,186.92,11.87,33788.55,10745.57,Person_1639,3595613916.0,Taurus,Black,Gaming
REC01640,1,29/06/2023,0,0,0,,2.78,181.74,,40511.8,13095.61,Person_1640,3362062876.0,Sagittarius,Pink,Photography
REC01641,3,30/06/2023,0,1,0,30.8,2.78,198.77,8.76,40849.2,14209.74,Person_1641,3927978540.0,Cancer,Red,Cinema
REC01642,15,01/07/2023,1,0,0,7.8,2.98,,9.16,38797.33,12384.71,Person_1642,3306005484.0,Scorpio,Yellow,Hiking
REC01643,13,02/07/2023,3,0,0,28.5,3.35,201.04,4.2,44164.68,14816.24,Person_1643,3345125149.0,Pisces,Black,Cooking
REC01644,18,03/07/2023,1,1,0,24.5,,185.28,10.95,60537.3,21550.66,Person_1644,3986036084.0,Taurus,White,Photography
REC01645,15,04/07/2023,0,0,0,13.8,3.2,219.16,9.25,26568.36,8458.87,Person_1645,3933598446.0,Aries,Yellow,Gaming
REC01646,8,05/07/2023,3,0,0,2.1,3.26,198.28,7.87,39616.94,13293.78,Person_1646,3693148087.0,Aries,Yellow,Sports
REC01647,4,06/07/2023,5,0,0,9.6,3.19,163.28,8.86,42211.23,14246.2,Person_1647,3144056869.0,Libra,Red,Music
REC01648,4,07/07/2023,5,1,0,17.9,2.57,175.78,6.88,54563.25,17457.26,Person_1648,3303198994.0,Scorpio,Gray,Sports
REC01649,13,08/07/2023,6,0,0,21.8,2.77,184.05,8.82,38592.01,13470.93,Person_1649,3155763911.0,Sagittarius,Gray,Photography
REC01650,13,09/07/2023,3,1,0,27.0,2.77,206.22,7.46,58819.82,19082.25,Person_1650,3481478017.0,Libra,Orange,Photography
REC01651,10,10/07/2023,4,1,0,18.2,,191.61,,64066.81,22013.26,Person_1651,3599629185.0,Capricorn,Pink,Cinema
REC01652,9,11/07/2023,4,0,0,13.9,2.95,201.22,4.68,33085.67,11797.92,Person_1652,3400269876.0,Cancer,Orange,Cinema
REC01653,7,12/07/2023,5,1,0,13.4,2.62,206.67,,55897.7,18906.03,Person_1653,3576373512.0,Gemini,Black,Travel
REC01654,15,13/07/2023,2,0,0,,3.19,211.99,4.81,52999.83,17741.93,Person_1654,3684881141.0,Pisces,Red,Hiking
REC01655,16,14/07/2023,6,0,0,11.3,2.96,194.79,7.69,38155.8,12610.52,Person_1655,3499565132.0,Aries,Blue,Cinema
REC01656,18,15/07/2023,2,1,0,23.4,2.87,181.27,7.74,56901.54,19377.96,Person_1656,3875349849.0,Libra,Blue,Gaming
REC01657,5,16/07/2023,5,1,0,,2.6,220.41,9.25,54912.44,18372.79,Person_1657,3974650003.0,Gemini,Black,Music
REC01658,2,17/07/2023,3,0,1,17.2,2.26,193.08,7.37,44258.3,14963.63,Person_1658,3623563210.0,Libra,Yellow,Sports
REC01659,19,18/07/2023,1,1,0,26.1,3.5,214.72,,57434.82,18930.57,Person_1659,3022060202.0,Virgo,Gray,Gardening
REC01660,15,19/07/2023,4,0,0,-3.8,3.64,,6.58,39417.61,12760.0,Person_1660,3317585703.0,Libra,Green,Gaming
REC01661,3,20/07/2023,3,0,0,4.5,2.95,197.15,6.67,40367.68,12687.82,Person_1661,3948662410.0,Aries,Purple,Gardening
REC01662,17,21/07/2023,1,0,0,16.2,3.71,180.19,6.38,42504.77,14646.57,Person_1662,3949792103.0,Leo,Yellow,Travel
REC01663,4,22/07/2023,1,1,0,23.1,,219.69,7.29,55973.68,18974.26,Person_1663,3148464620.0,Scorpio,Black,Sports
REC01664,11,23/07/2023,4,0,1,13.7,3.25,186.43,8.05,58335.64,19139.39,Person_1664,3504013218.0,Scorpio,Blue,Photography
REC01665,16,24/07/2023,3,0,0,12.9,3.19,223.27,10.76,41157.78,13431.07,Person_1665,3934236285.0,Pisces,Pink,Music
REC01666,1,25/07/2023,2,0,1,11.7,3.28,200.14,9.77,49117.33,17191.62,Person_1666,3261645608.0,Sagittarius,Orange,Gaming
REC01667,11,26/07/2023,0,0,0,30.7,2.71,208.15,7.74,33621.83,11068.04,Person_1667,3150688048.0,Aries,Blue,Hiking
REC01668,1,27/07/2023,4,0,0,,,185.02,6.06,42647.48,14379.17,Person_1668,3819865717.0,Sagittarius,Green,Hiking
REC01669,4,28/07/2023,5,1,0,15.3,3.07,217.65,,47832.31,16959.5,Person_1669,3518513250.0,Scorpio,Green,Reading
REC01670,2,29/07/2023,6,0,0,12.7,3.14,203.87,5.48,36826.08,12083.79,Person_1670,3043949268.0,Capricorn,Yellow,Sports
REC01671,10,30/07/2023,5,0,0,10.7,3.82,220.96,3.85,48941.87,15887.68,Person_1671,3637159563.0,Pisces,Red,Gaming
REC01672,1,31/07/2023,5,0,0,20.7,3.0,188.23,8.78,37457.21,12529.49,Person_1672,3694558613.0,Aries,Gray,Cooking
REC01673,5,01/08/2023,5,0,1,20.6,3.04,,9.39,50701.87,15871.23,Person_1673,3015707414.0,Gemini,White,Hiking
REC01674,17,02/08/2023,4,1,0,,3.41,213.24,5.71,60246.25,18987.84,Person_1674,3782252507.0,Cancer,Gray,Music
REC01675,19,03/08/2023,4,0,0,27.2,2.96,205.66,9.78,50700.51,16135.29,Person_1675,3790163935.0,Libra,Gray,Hiking
REC01676,8,04/08/2023,4,1,0,9.6,3.19,180.49,8.66,60475.17,19267.91,Person_1676,3112921008.0,Aquarius,Black,Cooking
REC01677,20,05/08/2023,0,1,1,,3.37,176.13,8.75,52692.82,18723.79,Person_1677,3025313002.0,Libra,Blue,Reading
REC01678,18,06/08/2023,6,1,0,20.7,,193.85,6.17,65344.88,21754.19,Person_1678,3322795555.0,Scorpio,Purple,Photography
REC01679,17,07/08/2023,0,0,0,15.3,3.02,198.53,,39612.0,12787.73,Person_1679,3442717021.0,Gemini,Pink,Sports
REC01680,1,08/08/2023,1,1,0,13.6,3.34,183.75,4.89,49189.04,16823.5,Person_1680,3511163403.0,Taurus,Gray,Photography
REC01681,11,09/08/2023,4,1,0,17.7,3.5,182.67,9.08,57411.23,19152.69,Person_1681,3489975421.0,Gemini,Pink,Hiking
REC01682,9,10/08/2023,3,0,0,34.4,,218.87,7.42,47857.83,15638.62,Person_1682,3314417981.0,Leo,Black,Cooking
REC01683,13,11/08/2023,1,0,0,19.2,2.56,204.4,9.51,38949.3,12265.04,Person_1683,3210249129.0,Libra,Blue,Gardening
REC01684,5,12/08/2023,1,1,0,,3.28,184.3,,49960.63,16354.11,Person_1684,3834414180.0,Aries,Gray,Photography
REC01685,8,13/08/2023,2,1,0,25.1,2.83,233.28,6.52,64180.66,20674.18,Person_1685,3614933957.0,Libra,Blue,Hiking
REC01686,7,14/08/2023,5,1,0,17.2,3.26,180.07,,44861.65,14436.14,Person_1686,3983570259.0,Scorpio,Orange,Cooking
REC01687,19,15/08/2023,5,0,0,26.3,3.07,167.58,6.13,39368.92,13625.37,Person_1687,3889759892.0,Gemini,Pink,Gardening
REC01688,15,16/08/2023,0,0,0,12.1,3.22,185.66,,26526.32,9460.2,Person_1688,3422363252.0,Pisces,Black,Travel
REC01689,8,17/08/2023,1,0,0,16.2,3.28,,5.73,39947.14,200000.0,Person_1689,3217540087.0,Capricorn,Red,Cooking
REC01690,2,18/08/2023,1,0,0,14.3,,201.49,9.85,40116.94,12967.21,Person_1690,3014535897.0,Aquarius,Blue,Travel
REC01691,1,19/08/2023,5,0,0,12.0,4.31,193.11,8.56,39029.1,13125.5,Person_1691,3717825669.0,Capricorn,Orange,Hiking
REC01692,5,20/08/2023,0,1,0,21.6,3.25,172.8,8.22,48194.66,15092.91,Person_1692,3615340148.0,Leo,Purple,Cooking
REC01693,5,21/08/2023,1,1,0,28.4,,212.57,4.81,68372.61,23593.55,Person_1693,3844732709.0,Aquarius,Pink,Travel
REC01694,13,22/08/2023,5,0,0,10.1,3.69,182.94,5.91,39182.51,13747.84,Person_1694,3650758325.0,Scorpio,Blue,Hiking
REC01695,9,23/08/2023,2,1,1,26.3,3.47,205.93,4.94,75938.8,23818.03,Person_1695,3446599905.0,Taurus,Green,Sports
REC01696,10,24/08/2023,5,0,0,29.9,3.33,185.24,2.0,51141.86,17379.36,Person_1696,3757581915.0,Leo,Red,Gaming
REC01697,5,25/08/2023,5,0,0,15.9,,209.35,7.97,42311.79,13348.32,Person_1697,3628295384.0,Libra,White,Gaming
REC01698,17,26/08/2023,3,0,0,10.8,3.87,186.65,,34209.47,11697.75,Person_1698,3678137578.0,Libra,Gray,Sports
REC01699,17,27/08/2023,5,0,0,19.2,3.28,224.83,,43270.1,14770.0,Person_1699,3684870604.0,Gemini,Black,Hiking
REC01700,8,28/08/2023,0,1,0,31.1,3.18,177.96,11.23,59439.82,18741.06,Person_1700,3797739949.0,Scorpio,Black,Travel
REC01701,15,29/08/2023,4,0,0,21.6,2.61,193.5,8.09,42765.11,14428.18,Person_1701,3142099623.0,Leo,White,Gardening
REC01702,11,30/08/2023,6,1,1,9.8,3.09,223.54,6.38,68033.92,23190.13,Person_1702,3896634730.0,Leo,White,Gardening
REC01703,6,31/08/2023,3,0,0,9.2,3.0,186.42,,31919.52,11159.75,Person_1703,3294190498.0,Sagittarius,White,Photography
REC01704,4,01/09/2023,0,0,0,19.3,3.24,202.01,7.37,30305.52,9848.47,Person_1704,3874357239.0,Aquarius,Yellow,Photography
REC01705,10,02/09/2023,1,0,0,24.6,2.65,200.55,9.46,35997.69,12778.87,Person_1705,3299180627.0,Leo,Yellow,Sports
REC01706,5,03/09/2023,5,0,0,,2.58,188.94,7.22,42974.83,14893.41,Person_1706,3628339409.0,Virgo,Orange,Cooking
REC01707,1,04/09/2023,0,0,0,18.7,2.83,172.32,8.66,30310.75,10122.89,Person_1707,3792355829.0,Aries,Red,Sports
REC01708,1,05/09/2023,1,0,0,6.2,3.21,202.78,6.32,40433.08,13636.33,Person_1708,3869979678.0,Taurus,Orange,Photography
REC01709,18,06/09/2023,0,0,0,13.9,3.72,188.41,7.5,41341.66,13564.66,Person_1709,3754666603.0,Aquarius,Pink,Travel
REC01710,9,07/09/2023,2,1,0,12.9,3.46,220.67,10.48,58954.27,19055.28,Person_1710,3852533129.0,Leo,Orange,Travel
REC01711,15,08/09/2023,0,1,0,13.4,3.28,,6.46,46391.84,15735.28,Person_1711,3294648857.0,Sagittarius,Black,Reading
REC01712,2,09/09/2023,2,0,0,4.6,,182.37,6.5,43573.46,15297.76,Person_1712,3226897061.0,Capricorn,Orange,Gardening
REC01713,8,10/09/2023,6,0,0,,3.16,209.33,,44427.88,14608.89,Person_1713,3207465653.0,Gemini,Black,Gardening
REC01714,3,11/09/2023,3,1,0,,3.35,189.72,6.71,49775.2,17600.66,Person_1714,3727792874.0,Aquarius,Yellow,Gaming
REC01715,6,12/09/2023,6,0,0,10.0,3.54,178.67,4.97,35538.61,11933.77,Person_1715,3733682788.0,Cancer,Yellow,Cooking
REC01716,16,13/09/2023,3,0,0,5.4,3.03,217.82,8.89,30850.93,10202.57,Person_1716,3746535588.0,Cancer,Black,Sports
REC01717,16,14/09/2023,3,0,0,8.4,4.03,209.66,8.61,27917.7,9070.77,Person_1717,3673840713.0,Libra,Green,Cooking
REC01718,13,15/09/2023,1,1,0,26.1,3.95,211.05,5.27,60838.33,19419.54,Person_1718,3736176109.0,Capricorn,Gray,Gardening
REC01719,18,16/09/2023,1,0,0,,3.84,204.7,8.83,26689.09,9521.07,Person_1719,3612771732.0,Taurus,Gray,Photography
REC01720,2,17/09/2023,2,0,0,9.6,3.46,200.4,4.66,38697.11,12636.83,Person_1720,3042581821.0,Gemini,Green,Gaming
REC01721,3,18/09/2023,6,1,0,14.7,3.84,207.63,8.45,68166.04,22930.53,Person_1721,3327918281.0,Capricorn,Yellow,Sports
REC01722,17,19/09/2023,4,1,0,18.9,3.45,201.35,8.56,46624.25,15200.71,Person_1722,3993733672.0,Libra,Black,Music
REC01723,11,20/09/2023,1,0,0,27.4,3.13,206.61,9.07,28260.55,9895.1,Person_1723,3570963532.0,Scorpio,Orange,Cooking
REC01724,19,21/09/2023,6,1,0,12.6,2.67,184.89,,55728.77,17533.37,Person_1724,3209198589.0,Sagittarius,Blue,Photography
REC01725,10,22/09/2023,2,0,0,14.4,2.89,178.03,,38279.98,12988.67,Person_1725,3762095612.0,Cancer,Pink,Music
REC01726,18,23/09/2023,0,0,0,28.4,3.38,196.68,5.68,33436.2,11299.11,Person_1726,3959018966.0,Taurus,Black,Gaming
REC01727,18,24/09/2023,6,0,0,34.3,,212.01,8.1,36173.25,12198.55,Person_1727,3336012833.0,Sagittarius,Black,Gaming
REC01728,13,25/09/2023,0,1,0,34.5,3.13,222.72,8.02,53514.11,18437.11,Person_1728,3554208155.0,Taurus,Blue,Hiking
REC01729,8,26/09/2023,3,0,0,26.7,3.23,209.24,5.64,44186.73,15107.47,Person_1729,3313770115.0,Leo,Purple,Photography
REC01730,5,27/09/2023,2,1,0,3.4,,193.99,7.67,37620.92,12722.74,Person_1730,3468321207.0,Capricorn,Orange,Reading
REC01731,6,28/09/2023,3,0,1,,3.09,212.22,4.86,47258.91,15954.85,Person_1731,3941261132.0,Taurus,Red,Gardening
REC01732,4,29/09/2023,3,1,0,1.1,4.16,189.2,7.46,55473.52,19628.81,Person_1732,3778586871.0,Aquarius,Yellow,Cinema
REC01733,12,30/09/2023,4,0,0,21.4,,211.88,8.14,40421.58,12948.74,Person_1733,3801865990.0,Scorpio,Blue,Music
REC01734,10,01/10/2023,3,0,1,8.9,2.91,205.45,7.07,63535.41,19991.01,Person_1734,3513512047.0,Virgo,Orange,Reading
REC01735,2,02/10/2023,4,0,0,17.6,3.36,208.16,8.48,31986.73,11063.57,Person_1735,3797311187.0,Virgo,Green,Sports
REC01736,5,03/10/2023,3,0,0,18.4,3.25,204.94,10.71,41391.96,13168.53,Person_1736,3839725251.0,Aquarius,Blue,Music
REC01737,6,04/10/2023,3,0,0,20.1,3.53,202.02,6.07,36148.61,12473.55,Person_1737,3563554657.0,Taurus,Gray,Sports
REC01738,4,05/10/2023,6,0,0,17.0,3.8,198.96,6.77,43389.57,14356.57,Person_1738,3342647443.0,Pisces,White,Gardening
REC01739,17,06/10/2023,4,1,0,14.6,3.92,199.52,4.14,63775.69,20012.71,Person_1739,3823630284.0,Cancer,Black,Travel
REC01740,4,07/10/2023,5,0,0,25.1,3.05,172.09,10.22,32416.14,10396.15,Person_1740,3657533302.0,Libra,Blue,Reading
REC01741,15,08/10/2023,3,1,0,11.5,3.28,205.61,8.58,64181.91,20834.95,Person_1741,3524436976.0,Cancer,White,Sports
REC01742,18,09/10/2023,6,0,0,20.6,3.0,187.9,,42767.02,14746.24,Person_1742,3802274888.0,Scorpio,Yellow,Gardening
REC01743,2,10/10/2023,4,0,0,,3.49,210.18,4.87,38743.21,12734.9,Person_1743,3745443582.0,Sagittarius,White,Cinema
REC01744,5,11/10/2023,2,0,0,22.5,3.45,188.66,7.88,45243.82,15886.44,Person_1744,3268145175.0,Taurus,Orange,Sports
REC01745,15,12/10/2023,2,0,0,31.8,,175.25,2.0,65531.84,20581.77,Person_1745,3886036982.0,Sagittarius,Yellow,Travel
REC01746,3,13/10/2023,0,1,0,16.6,2.74,188.68,8.32,52835.18,18357.89,Person_1746,3515163893.0,Virgo,Orange,Hiking
REC01747,9,14/10/2023,0,1,1,13.6,3.74,190.93,,63925.7,20410.68,Person_1747,3216958479.0,Aquarius,Red,Cooking
REC01748,5,15/10/2023,4,0,0,18.9,3.5,199.3,4.43,48882.82,15542.13,Person_1748,3177042184.0,Sagittarius,Red,Reading
REC01749,17,16/10/2023,6,0,0,19.9,3.05,185.21,8.15,42298.76,14469.05,Person_1749,3432048904.0,Scorpio,Gray,Gaming
REC01750,8,17/10/2023,6,1,0,20.1,3.24,218.34,10.17,57113.64,19353.41,Person_1750,3477200349.0,Capricorn,White,Cooking
REC01751,14,18/10/2023,4,0,0,29.5,3.08,196.46,7.21,54724.53,17557.86,Person_1751,3610387422.0,Virgo,Green,Cinema
REC01752,19,19/10/2023,0,0,0,14.1,2.85,213.16,3.01,42465.43,13357.83,Person_1752,3499396543.0,Cancer,Yellow,Hiking
REC01753,17,20/10/2023,3,0,0,9.9,3.32,,3.13,41366.55,13838.86,Person_1753,3580010410.0,Cancer,Gray,Cooking
REC01754,16,21/10/2023,4,0,0,,,229.91,,39362.69,13727.99,Person_1754,3625012121.0,Scorpio,Blue,Photography
REC01755,3,22/10/2023,6,0,0,,3.43,202.11,7.35,35186.1,11938.61,Person_1755,3462783527.0,Sagittarius,Blue,Photography
REC01756,13,23/10/2023,1,0,0,24.2,4.04,195.95,6.0,32551.68,11490.55,Person_1756,3984887440.0,Taurus,Gray,Cooking
REC01757,11,24/10/2023,2,1,0,17.6,3.51,195.92,4.08,56246.81,19336.95,Person_1757,3318486267.0,Virgo,White,Cinema
REC01758,7,25/10/2023,2,1,0,11.5,3.72,206.97,7.87,51990.1,17297.09,Person_1758,3669811318.0,Taurus,Green,Gardening
REC01759,13,26/10/2023,4,1,0,,3.73,,7.56,55898.68,18878.51,Person_1759,3302625108.0,Capricorn,Pink,Cinema
REC01760,2,27/10/2023,2,1,0,11.4,3.37,215.77,6.95,48128.71,16929.49,Person_1760,3521122506.0,Sagittarius,Red,Music
REC01761,10,28/10/2023,0,0,0,27.5,2.87,214.18,3.18,32202.8,10124.2,Person_1761,3471536266.0,Cancer,Yellow,Music
REC01762,10,29/10/2023,5,1,0,21.6,3.61,205.06,8.99,53329.06,18695.67,Person_1762,3164485195.0,Leo,Blue,Gardening
REC01763,19,30/10/2023,4,0,0,17.0,2.45,214.72,7.11,41746.76,14896.47,Person_1763,3879054811.0,Gemini,Red,Travel
REC01764,3,31/10/2023,0,1,1,30.3,,194.73,11.78,42929.97,15116.36,Person_1764,3679870109.0,Virgo,Black,Gardening
REC01765,18,01/11/2023,2,0,0,26.4,,202.42,9.22,29096.45,10182.77,Person_1765,3402189991.0,Taurus,Red,Cooking
REC01766,7,02/11/2023,5,0,1,12.0,3.78,210.6,6.23,45735.9,15463.06,Person_1766,3750596619.0,Sagittarius,Blue,Cinema
REC01767,7,03/11/2023,5,0,0,,3.2,,8.19,45237.8,14729.42,Person_1767,3760741952.0,Libra,Orange,Sports
REC01768,9,04/11/2023,4,0,0,12.3,3.54,173.91,7.68,28515.52,9536.08,Person_1768,3569819021.0,Scorpio,Red,Photography
REC01769,19,05/11/2023,6,0,0,24.3,3.41,189.11,8.99,41061.94,14583.01,Person_1769,3831378151.0,Scorpio,Green,Reading
REC01770,10,06/11/2023,0,1,0,19.0,3.35,175.41,4.88,43756.95,14268.35,Person_1770,3089194461.0,Capricorn,Black,Cinema
REC01771,3,07/11/2023,3,0,0,14.3,,197.52,6.55,44107.5,14271.39,Person_1771,3851239212.0,Cancer,Orange,Hiking
REC01772,6,08/11/2023,1,0,0,19.6,2.79,215.52,8.41,40619.72,13325.29,Person_1772,3523337078.0,Leo,Red,Cooking
REC01773,1,09/11/2023,0,1,0,26.2,3.75,188.28,7.81,49321.59,17201.28,Person_1773,3720953226.0,Scorpio,White,Cooking
REC01774,6,10/11/2023,1,0,0,21.6,3.21,211.08,6.72,38015.03,12223.19,Person_1774,3487560827.0,Capricorn,Purple,Photography
REC01775,6,11/11/2023,4,1,0,,2.67,216.16,7.61,61716.99,20394.75,Person_1775,3616306309.0,Scorpio,Red,Travel
REC01776,4,12/11/2023,3,0,0,9.9,3.5,183.06,5.96,42146.71,14041.81,Person_1776,3768134238.0,Aries,Orange,Reading
REC01777,6,13/11/2023,3,0,0,10.7,3.12,209.94,6.63,41395.36,14106.32,Person_1777,3883099114.0,Leo,Purple,Music
REC01778,12,14/11/2023,5,0,0,30.1,3.35,186.8,3.72,43868.67,14846.48,Person_1778,3918078564.0,Sagittarius,Gray,Cinema
REC01779,5,15/11/2023,0,0,0,14.4,4.1,197.54,5.78,36143.81,11816.23,Person_1779,3389749369.0,Capricorn,Black,Sports
REC01780,15,16/11/2023,1,1,0,23.5,2.78,210.36,8.62,51411.49,16330.97,Person_1780,3777520895.0,Gemini,Black,Sports
REC01781,9,17/11/2023,3,1,0,31.2,2.93,214.63,9.88,55171.2,19551.27,Person_1781,3929797974.0,Taurus,Green,Gaming
REC01782,18,18/11/2023,4,1,1,,2.79,225.06,6.64,63589.9,20126.52,Person_1782,3003836223.0,Aquarius,Red,Gardening
REC01783,9,19/11/2023,4,0,0,13.7,2.28,186.39,8.58,38145.89,12940.16,Person_1783,3846553049.0,Pisces,Yellow,Reading
REC01784,11,20/11/2023,4,0,0,23.9,3.48,218.71,7.42,40249.42,13772.31,Person_1784,3184315625.0,Gemini,Blue,Sports
REC01785,13,21/11/2023,1,0,1,27.2,3.44,196.74,7.21,51333.7,16231.95,Person_1785,3935495374.0,Taurus,Pink,Music
REC01786,1,22/11/2023,5,0,0,19.0,2.82,202.57,7.01,36530.88,11640.97,Person_1786,3499743814.0,Leo,Purple,Gardening
REC01787,16,23/11/2023,4,0,0,20.5,2.73,,,50981.77,17511.1,Person_1787,3487600886.0,Cancer,Green,Cinema
REC01788,19,24/11/2023,0,1,0,21.8,3.5,195.93,12.33,45325.84,14811.31,Person_1788,3046943142.0,Aries,Pink,Gardening
REC01789,13,25/11/2023,4,1,0,,2.33,218.28,5.19,52767.95,16838.02,Person_1789,3822230059.0,Libra,Black,Hiking
REC01790,12,26/11/2023,3,0,0,12.0,3.63,197.47,7.94,41579.93,14059.63,Person_1790,3839885978.0,Aries,White,Cinema
REC01791,7,27/11/2023,1,0,0,34.0,3.05,181.5,10.4,46076.55,15055.95,Person_1791,3313395150.0,Pisces,Green,Cooking
REC01792,6,28/11/2023,3,0,0,27.9,3.28,212.54,5.12,54907.74,17976.79,Person_1792,3861409828.0,Capricorn,Pink,Reading
REC01793,1,29/11/2023,4,0,1,24.7,3.22,181.44,,58334.3,18716.48,Person_1793,3513873888.0,Aries,White,Cinema
REC01794,12,30/11/2023,4,0,0,27.7,2.87,190.19,2.0,44622.29,15034.81,Person_1794,3491196138.0,Aries,Purple,Cinema
REC01795,4,01/12/2023,1,0,0,14.3,3.65,201.8,5.67,37465.07,11921.68,Person_1795,3598306764.0,Aries,Blue,Photography
REC01796,16,02/12/2023,1,1,0,5.3,3.41,198.96,,50822.74,16696.89,Person_1796,3368382955.0,Virgo,Orange,Travel
REC01797,13,03/12/2023,0,0,1,18.4,3.21,,4.11,44455.96,15832.12,Person_1797,3393631673.0,Cancer,Blue,Gardening
REC01798,11,04/12/2023,4,0,0,24.1,3.44,199.56,8.25,29653.31,10091.78,Person_1798,3631546353.0,Sagittarius,Orange,Gaming
REC01799,2,05/12/2023,5,0,0,13.9,3.45,204.69,8.55,37814.08,12198.53,Person_1799,3760458172.0,Cancer,Blue,Sports
REC01800,11,06/12/2023,6,0,0,8.6,3.43,201.02,6.38,46892.1,15117.55,Person_1800,3466681325.0,Gemini,Orange,Gaming
REC01801,9,07/12/2023,2,1,0,22.9,2.8,237.79,,53006.55,18036.74,Person_1801,3963407231.0,Capricorn,Yellow,Photography
REC01802,19,08/12/2023,6,0,0,16.3,2.41,198.79,4.19,45606.11,14291.64,Person_1802,3839200454.0,Capricorn,Red,Gaming
REC01803,13,09/12/2023,2,1,1,19.2,2.72,,8.44,63142.65,20527.88,Person_1803,3574418080.0,Pisces,Purple,Photography
REC01804,3,10/12/2023,2,1,0,24.5,3.07,182.25,4.66,57287.17,20353.72,Person_1804,3613502326.0,Taurus,Purple,Travel
REC01805,15,11/12/2023,6,1,0,23.0,3.35,195.08,6.08,60757.56,21605.65,Person_1805,3508267299.0,Gemini,Pink,Cinema
REC01806,13,12/12/2023,5,0,0,21.8,3.4,203.4,8.25,43668.32,15014.63,Person_1806,3950675553.0,Sagittarius,Blue,Cooking
REC01807,18,13/12/2023,4,0,0,24.5,4.04,213.63,7.21,35697.45,12545.32,Person_1807,3380184058.0,Pisces,Orange,Gaming
REC01808,3,14/12/2023,6,0,0,22.2,2.61,191.17,,38063.57,12323.71,Person_1808,3464519387.0,Virgo,Orange,Sports
REC01809,15,15/12/2023,0,0,0,,2.88,201.65,6.58,29972.18,9573.97,Person_1809,3271223421.0,Aries,Black,Reading
REC01810,1,16/12/2023,5,0,0,16.3,3.07,227.07,8.31,41276.43,14334.21,Person_1810,3518714441.0,Aquarius,White,Gaming
REC01811,19,17/12/2023,4,1,0,6.5,3.79,215.54,5.91,63440.7,19904.74,Person_1811,3183266556.0,Capricorn,Blue,Music
REC01812,6,18/12/2023,2,0,0,17.3,2.93,216.14,5.17,38880.19,13075.84,Person_1812,3143388229.0,Aries,Orange,Reading
REC01813,14,19/12/2023,4,0,0,16.2,3.4,,6.86,40618.33,12916.82,Person_1813,3363036173.0,Aquarius,Green,Photography
REC01814,12,20/12/2023,3,1,0,,3.76,191.1,7.1,58577.37,19331.21,Person_1814,3486688471.0,Pisces,Pink,Gardening
REC01815,13,21/12/2023,6,0,0,23.6,3.75,212.64,6.92,48744.83,15446.31,Person_1815,3355270521.0,Taurus,Orange,Photography
REC01816,15,22/12/2023,3,1,0,16.6,4.09,191.88,6.94,54181.24,17982.39,Person_1816,3541665351.0,Pisces,Green,Gardening
REC01817,10,23/12/2023,6,0,0,22.6,3.31,202.16,6.63,42891.97,14342.58,Person_1817,3422798085.0,Scorpio,Purple,Hiking
REC01818,18,24/12/2023,4,0,0,15.6,2.95,186.63,5.54,44298.57,14141.31,Person_1818,3779490671.0,Aries,Blue,Gardening
REC01819,13,25/12/2023,0,1,0,,3.53,207.24,7.72,59295.02,19734.03,Person_1819,3763555948.0,Leo,Pink,Hiking
REC01820,3,26/12/2023,1,0,0,16.9,3.41,208.06,,32978.36,11596.56,Person_1820,3287820943.0,Scorpio,Red,Reading
REC01821,4,27/12/2023,2,1,0,15.4,2.76,182.86,5.18,60260.01,19973.27,Person_1821,3777213272.0,Pisces,Blue,Cooking
REC01822,18,28/12/2023,1,0,0,5.1,,207.84,10.72,27704.92,9875.55,Person_1822,3486240281.0,Leo,Green,Cinema
REC01823,15,29/12/2023,3,1,0,16.2,2.72,192.51,7.22,61678.14,20025.43,Person_1823,3223244805.0,Cancer,Yellow,Cooking
REC01824,6,30/12/2023,0,0,0,14.8,3.33,193.84,5.82,47756.47,15403.15,Person_1824,3303135011.0,Gemini,Gray,Reading
REC01825,8,31/12/2023,3,0,0,13.4,3.08,204.67,8.03,32959.82,11307.88,Person_1825,3434282290.0,Libra,Red,Cooking
REC01826,8,01/01/2023,0,0,0,17.3,,182.6,6.21,40305.31,13801.13,Person_1826,3940559241.0,Pisces,Purple,Gaming
REC01827,19,02/01/2023,1,0,0,11.7,3.4,203.49,,41758.81,13351.89,Person_1827,3615380834.0,Gemini,Blue,Travel
REC01828,20,03/01/2023,3,0,0,28.3,2.95,216.92,6.77,44787.51,14259.64,Person_1828,3601566603.0,Leo,Green,Photography
REC01829,2,04/01/2023,4,0,0,7.7,2.37,202.17,9.67,36518.35,11766.47,Person_1829,3769089388.0,Leo,Yellow,Photography
REC01830,11,05/01/2023,6,0,0,23.3,3.52,203.92,10.21,45112.15,15526.08,Person_1830,3326161158.0,Sagittarius,Green,Cooking
REC01831,11,06/01/2023,6,0,0,14.5,3.65,203.86,6.81,47606.77,15103.28,Person_1831,3687544360.0,Libra,Yellow,Photography
REC01832,14,07/01/2023,1,0,0,,,204.3,,37326.85,12419.96,Person_1832,3400845463.0,Virgo,Blue,Photography
REC01833,12,08/01/2023,4,1,0,23.5,3.35,211.04,,55503.03,18527.67,Person_1833,3592608932.0,Cancer,Yellow,Travel
REC01834,8,09/01/2023,4,1,0,13.6,3.04,,6.28,45994.02,15683.57,Person_1834,3338507894.0,Aries,Gray,Sports
REC01835,11,10/01/2023,2,0,0,10.6,2.48,211.63,10.32,24398.44,7870.64,Person_1835,3633898786.0,Libra,Orange,Reading
REC01836,16,11/01/2023,0,0,0,19.8,3.46,192.6,7.72,44457.29,14571.3,Person_1836,3181643358.0,Taurus,Blue,Cinema
REC01837,7,12/01/2023,5,0,0,38.7,2.65,179.78,5.63,52978.12,18410.3,Person_1837,3098514470.0,Leo,Green,Sports
REC01838,16,13/01/2023,0,1,1,5.6,3.22,208.93,7.42,51385.89,16746.52,Person_1838,3898934618.0,Pisces,Yellow,Reading
REC01839,5,14/01/2023,5,0,1,18.2,3.59,183.94,7.5,53343.57,16948.34,Person_1839,3618842068.0,Pisces,Black,Photography
REC01840,10,15/01/2023,2,0,0,25.4,2.69,215.18,6.87,51793.43,16986.98,Person_1840,3625521329.0,Leo,Blue,Sports
REC01841,12,16/01/2023,6,0,0,21.5,3.48,211.54,6.52,40594.34,13033.77,Person_1841,3744851398.0,Libra,Blue,Gaming
REC01842,18,17/01/2023,4,0,0,18.6,3.06,197.31,9.67,36739.81,11909.31,Person_1842,3666805383.0,Gemini,Black,Cinema
REC01843,1,18/01/2023,0,0,0,-80.0,,228.23,7.33,30262.81,10171.67,Person_1843,3307646670.0,Gemini,Gray,Sports
REC01844,4,19/01/2023,0,0,0,11.7,3.17,180.44,4.94,33313.79,11704.78,Person_1844,3903640943.0,Aries,Yellow,Travel
REC01845,15,20/01/2023,4,0,0,18.0,3.03,210.09,9.17,49922.04,16809.3,Person_1845,3014772253.0,Gemini,Yellow,Cooking
REC01846,12,21/01/2023,0,1,0,14.4,,208.95,8.64,52018.26,16676.52,Person_1846,3767117222.0,Leo,Yellow,Gardening
REC01847,10,22/01/2023,2,0,0,13.1,3.32,197.93,7.17,54865.82,17521.13,Person_1847,3847896552.0,Taurus,White,Music
REC01848,8,23/01/2023,1,0,0,27.2,3.87,201.06,4.52,47582.91,15883.84,Person_1848,3677597049.0,Cancer,Yellow,Photography
REC01849,15,24/01/2023,4,0,0,13.8,3.13,187.82,9.27,40470.34,12890.34,Person_1849,3745837653.0,Aquarius,Red,Photography
REC01850,3,25/01/2023,0,0,0,24.7,3.34,210.91,7.79,32092.36,10153.38,Person_1850,3418247381.0,Gemini,Yellow,Gaming
REC01851,5,26/01/2023,2,0,0,4.1,2.63,194.24,8.08,37162.37,13005.82,Person_1851,3168241055.0,Pisces,Gray,Reading
REC01852,3,27/01/2023,4,1,0,12.5,3.35,,9.71,44546.84,14759.26,Person_1852,3525818833.0,Aries,White,Hiking
REC01853,18,28/01/2023,4,0,0,16.1,2.5,204.66,10.61,40686.6,13020.79,Person_1853,3152526510.0,Leo,Red,Cooking
REC01854,10,29/01/2023,6,1,0,34.9,3.5,220.94,7.21,64093.2,20418.08,Person_1854,3559445105.0,Taurus,Red,Gaming
REC01855,8,30/01/2023,2,0,0,34.7,2.64,201.19,,56309.36,17801.56,Person_1855,3870243877.0,Leo,Blue,Gaming
REC01856,2,31/01/2023,2,0,0,30.4,3.5,223.83,,50097.01,16378.72,Person_1856,3812602716.0,Leo,Green,Gardening
REC01857,3,01/02/2023,5,0,0,19.3,3.61,202.99,7.69,41166.07,13728.23,Person_1857,3484189290.0,Cancer,Green,Photography
REC01858,16,02/02/2023,0,0,0,22.1,3.7,198.05,9.14,32999.85,11423.01,Person_1858,3270854830.0,Libra,Pink,Cooking
REC01859,10,03/02/2023,0,0,0,8.5,2.84,192.78,7.98,25763.52,8525.13,Person_1859,3225238643.0,Aquarius,Orange,Hiking
REC01860,16,04/02/2023,5,0,0,,3.0,219.89,3.63,50843.5,16682.15,Person_1860,3864905855.0,Sagittarius,Black,Music
REC01861,3,05/02/2023,0,0,0,23.8,2.7,183.22,8.38,32463.16,10476.99,Person_1861,3921591553.0,Aquarius,Orange,Photography
REC01862,15,06/02/2023,1,0,0,22.4,3.56,200.89,3.94,46758.11,14700.16,Person_1862,3494532901.0,Sagittarius,Purple,Sports
REC01863,6,07/02/2023,0,0,0,11.4,2.23,189.6,6.22,37720.81,12396.25,Person_1863,3828772917.0,Gemini,Gray,Gardening
REC01864,19,08/02/2023,2,0,0,25.1,2.73,210.13,9.64,38812.78,12396.6,Person_1864,3605928396.0,Sagittarius,White,Travel
REC01865,6,09/02/2023,6,0,0,11.9,3.15,196.64,6.29,38532.41,12279.03,Person_1865,3559264460.0,Leo,Gray,Music
REC01866,15,10/02/2023,0,0,0,8.3,2.73,,10.34,32458.24,10432.57,Person_1866,3332603622.0,Virgo,Gray,Sports
REC01867,15,11/02/2023,3,0,0,11.2,2.64,191.99,7.93,42558.72,14589.34,Person_1867,3618661215.0,Cancer,White,Cooking
REC01868,12,12/02/2023,0,1,0,20.7,3.2,215.03,8.89,51675.65,17867.86,Person_1868,3556506756.0,Taurus,Yellow,Hiking
REC01869,20,13/02/2023,5,1,0,13.0,,205.78,8.08,51252.92,17315.68,Person_1869,3799766024.0,Aries,Blue,Gardening
REC01870,6,14/02/2023,4,0,0,28.8,2.75,174.16,7.66,37173.13,12563.03,Person_1870,3303005901.0,Gemini,Blue,Hiking
REC01871,17,15/02/2023,4,0,0,20.9,3.02,200.2,6.72,38293.08,12794.37,Person_1871,3751555596.0,Gemini,Orange,Sports
REC01872,1,16/02/2023,4,0,0,12.1,2.37,205.51,7.16,37190.88,13065.01,Person_1872,3590630228.0,Leo,Purple,Music
REC01873,10,17/02/2023,2,1,1,19.2,2.86,198.7,3.12,59665.51,20558.7,Person_1873,3211497673.0,Virgo,Purple,Cinema
REC01874,2,18/02/2023,0,0,1,21.3,3.4,210.02,6.47,27174.0,9657.29,Person_1874,3613067043.0,Pisces,Green,Travel
REC01875,11,19/02/2023,5,0,0,23.0,3.22,212.41,7.94,45844.03,16055.54,Person_1875,3353150555.0,Virgo,Red,Travel
REC01876,17,20/02/2023,5,1,1,26.5,2.0,194.15,9.87,66991.73,22562.83,Person_1876,3411393279.0,Libra,Black,Gardening
REC01877,18,21/02/2023,2,1,0,27.0,2.02,216.94,8.59,63792.0,21083.05,Person_1877,3594746869.0,Sagittarius,Gray,Cooking
REC01878,13,22/02/2023,6,0,0,5.6,3.67,203.58,7.22,41048.26,12935.94,Person_1878,3758050480.0,Aquarius,Pink,Reading
REC01879,6,23/02/2023,6,0,0,,3.56,204.89,4.74,38558.67,13061.44,Person_1879,3967630684.0,Libra,Gray,Music
REC01880,3,24/02/2023,0,0,0,12.3,2.79,167.37,5.19,33788.34,12057.36,Person_1880,3861885550.0,Capricorn,Gray,Music
REC01881,17,25/02/2023,2,0,0,8.8,2.84,,4.29,39860.1,13989.4,Person_1881,3744038246.0,Capricorn,Green,Sports
REC01882,7,26/02/2023,5,0,0,15.7,3.05,202.28,,31342.34,10941.56,Person_1882,3871142256.0,Virgo,Red,Photography
REC01883,1,27/02/2023,1,0,1,23.5,3.61,200.0,8.92,33985.57,11868.4,Person_1883,3542609133.0,Taurus,Blue,Photography
REC01884,11,28/02/2023,4,1,0,15.5,2.78,208.98,6.49,48860.99,16612.5,Person_1884,3406333449.0,Cancer,Purple,Cinema
REC01885,3,01/03/2023,4,1,0,8.1,3.25,212.95,,59372.9,20285.31,Person_1885,3778082687.0,Taurus,Yellow,Reading
REC01886,15,02/03/2023,3,0,0,17.3,3.47,,11.7,37784.41,12105.12,Person_1886,3247152008.0,Pisces,Yellow,Photography
REC01887,14,03/03/2023,1,0,1,36.9,2.34,189.91,7.67,56919.5,17880.22,Person_1887,3234122504.0,Cancer,Pink,Gardening
REC01888,12,04/03/2023,3,0,0,27.4,3.75,,10.27,44012.01,14556.14,Person_1888,3544844504.0,Libra,Pink,Gaming
REC01889,17,05/03/2023,2,1,0,35.0,2.94,187.9,3.7,64237.0,22307.15,Person_1889,3215539240.0,Aries,Pink,Cinema
REC01890,11,06/03/2023,1,0,0,19.1,3.35,200.33,6.78,38200.26,12219.94,Person_1890,3414121478.0,Leo,Black,Music
REC01891,18,07/03/2023,6,0,0,18.8,2.76,181.78,8.83,45569.33,15257.52,Person_1891,3624555033.0,Leo,Red,Gaming
REC01892,7,08/03/2023,5,0,0,,2.82,219.86,10.18,54863.64,18088.15,Person_1892,3915726537.0,Sagittarius,Red,Cinema
REC01893,17,09/03/2023,3,0,0,14.0,2.94,197.95,6.22,42422.24,13707.81,Person_1893,3335415327.0,Virgo,Orange,Sports
REC01894,11,10/03/2023,1,1,0,20.9,3.05,203.05,7.1,51588.18,17808.67,Person_1894,3363670593.0,Leo,Orange,Sports
REC01895,1,11/03/2023,3,0,0,30.0,3.02,197.32,5.0,46027.61,15101.89,Person_1895,3187500979.0,Gemini,Orange,Hiking
REC01896,5,12/03/2023,3,0,0,8.5,3.09,169.55,7.4,42242.04,14052.77,Person_1896,3345586373.0,Cancer,Black,Sports
REC01897,8,13/03/2023,4,0,0,,3.24,207.09,,29941.23,9502.76,Person_1897,3335897083.0,Leo,Yellow,Travel
REC01898,18,14/03/2023,4,0,0,7.1,2.98,208.41,5.93,30226.12,10135.73,Person_1898,3070249169.0,Leo,Purple,Cinema
REC01899,4,15/03/2023,0,0,1,14.8,3.81,204.8,,47145.06,16019.0,Person_1899,3099861995.0,Capricorn,Green,Gardening
REC01900,6,16/03/2023,0,0,0,15.0,3.72,215.71,6.43,30856.44,10740.86,Person_1900,3772054559.0,Sagittarius,Black,Cooking
REC01901,11,17/03/2023,5,0,0,4.6,,209.5,,42106.96,13163.47,Person_1901,3545613031.0,Scorpio,White,Gardening
REC01902,4,18/03/2023,0,1,0,-4.1,3.47,185.37,7.43,36554.49,12902.04,Person_1902,3431097744.0,Aquarius,Black,Hiking
REC01903,19,19/03/2023,4,0,0,13.4,3.14,216.77,9.35,29787.58,10552.32,Person_1903,3981354054.0,Pisces,Black,Hiking
REC01904,15,20/03/2023,1,1,0,26.0,3.03,198.6,,63616.84,21471.05,Person_1904,3514352526.0,Pisces,Purple,Music
REC01905,1,21/03/2023,4,0,0,12.9,3.21,180.75,9.67,35372.88,12264.61,Person_1905,3888516403.0,Taurus,Black,Cooking
REC01906,16,22/03/2023,4,0,0,14.3,,215.41,6.48,40196.13,12857.22,Person_1906,3389598852.0,Pisces,Orange,Travel
REC01907,13,23/03/2023,6,1,0,36.4,2.99,212.06,8.58,48627.51,17137.65,Person_1907,3207710226.0,Pisces,White,Cinema
REC01908,12,24/03/2023,4,0,0,27.1,,196.97,5.14,48401.15,15859.97,Person_1908,3702832116.0,Virgo,Gray,Reading
REC01909,19,25/03/2023,4,1,0,2.6,2.64,,8.79,50623.14,16407.82,Person_1909,3321495752.0,Taurus,Green,Photography
REC01910,16,26/03/2023,4,0,0,12.9,3.81,232.82,7.03,40213.09,12984.26,Person_1910,3144921099.0,Sagittarius,Purple,Gaming
REC01911,1,27/03/2023,2,0,0,20.0,3.37,226.41,5.29,47055.01,15229.61,Person_1911,3456580144.0,Pisces,White,Hiking
REC01912,18,28/03/2023,5,1,0,26.1,3.96,199.53,,69693.68,23093.3,Person_1912,3118878258.0,Virgo,Black,Travel
REC01913,4,29/03/2023,4,1,0,11.4,2.99,203.09,,47936.14,16088.13,Person_1913,3767769629.0,Aries,Yellow,Travel
REC01914,2,30/03/2023,4,0,0,24.9,3.11,206.28,4.39,52263.03,18195.88,Person_1914,3982725804.0,Leo,Blue,Gaming
REC01915,17,31/03/2023,4,0,0,13.2,3.32,188.07,8.74,39461.48,13824.77,Person_1915,3491487791.0,Leo,Yellow,Gardening
REC01916,4,01/04/2023,0,1,0,21.3,3.45,211.79,3.89,52809.33,17944.41,Person_1916,3357597991.0,Gemini,Red,Cinema
REC01917,12,02/04/2023,2,0,0,26.9,2.7,,5.06,54740.22,19055.55,Person_1917,3873590078.0,Gemini,Black,Cooking
REC01918,1,03/04/2023,6,0,0,15.1,2.87,192.22,7.47,38034.54,12709.9,Person_1918,3887945049.0,Leo,Purple,Hiking
REC01919,5,04/04/2023,2,0,0,15.4,2.88,230.15,6.54,33499.47,11518.25,Person_1919,3502717696.0,Capricorn,Orange,Gaming
REC01920,5,05/04/2023,6,0,0,,3.57,192.82,8.52,40196.88,12762.45,Person_1920,3255252552.0,Capricorn,Purple,Cinema
REC01921,2,06/04/2023,2,0,0,15.0,2.61,190.56,5.75,41308.92,12976.06,Person_1921,3045808204.0,Libra,Gray,Music
REC01922,13,07/04/2023,5,1,0,,2.87,216.25,9.54,58745.21,19268.94,Person_1922,3622086369.0,Libra,Pink,Cinema
REC01923,11,08/04/2023,1,0,1,,2.82,185.4,9.47,42126.87,13244.13,Person_1923,3521469071.0,Gemini,White,Cinema
REC01924,4,09/04/2023,4,0,0,,3.63,219.19,5.32,58198.27,18864.04,Person_1924,3027554317.0,Gemini,Purple,Travel
REC01925,1,10/04/2023,3,0,0,10.9,3.22,,6.05,44684.24,15610.96,Person_1925,3681297484.0,Taurus,Green,Sports
REC01926,19,11/04/2023,5,0,0,27.3,3.21,189.26,7.83,44447.52,14130.52,Person_1926,3621478217.0,Libra,Gray,Sports
REC01927,7,12/04/2023,4,1,0,13.3,3.3,200.91,6.47,56155.09,19787.31,Person_1927,3326291203.0,Aquarius,Orange,Cinema
REC01928,4,13/04/2023,1,0,0,23.0,3.08,179.27,5.71,35358.45,11091.28,Person_1928,3990264229.0,Libra,Gray,Sports
REC01929,1,14/04/2023,6,0,0,22.8,3.66,181.07,6.48,43310.98,14066.62,Person_1929,3888362121.0,Pisces,Red,Gardening
REC01930,4,15/04/2023,3,0,1,13.1,2.0,197.68,3.3,56447.83,18210.29,Person_1930,3598068899.0,Aries,Black,Music
REC01931,1,16/04/2023,4,0,0,6.3,,221.41,6.15,36683.84,12176.18,Person_1931,3537352237.0,Leo,Gray,Music
REC01932,4,17/04/2023,1,0,0,16.2,2.84,,5.92,27654.24,9872.15,Person_1932,3088213960.0,Taurus,Yellow,Photography
REC01933,1,18/04/2023,1,1,0,21.1,2.88,204.08,7.39,65557.83,22237.26,Person_1933,3892848460.0,Cancer,Pink,Cinema
REC01934,5,19/04/2023,3,0,0,22.8,2.93,211.01,7.12,42043.43,14967.86,Person_1934,3283142965.0,Taurus,Pink,Photography
REC01935,3,20/04/2023,5,1,0,27.5,,,4.45,65361.72,21289.23,Person_1935,3311584875.0,Taurus,Black,Photography
REC01936,9,21/04/2023,2,0,0,17.8,2.93,236.06,4.56,48858.25,16565.53,Person_1936,3075592010.0,Scorpio,White,Gaming
REC01937,16,22/04/2023,1,0,0,16.6,3.21,189.72,8.17,31194.95,11090.97,Person_1937,3820971096.0,Scorpio,Gray,Cinema
REC01938,11,23/04/2023,3,0,0,35.3,3.6,,7.77,45383.16,14721.14,Person_1938,3009122455.0,Cancer,Yellow,Gaming
REC01939,7,24/04/2023,5,0,0,18.7,2.98,179.63,6.16,44863.64,14778.27,Person_1939,3710865361.0,Cancer,Red,Gardening
REC01940,8,25/04/2023,3,0,0,8.9,4.12,193.55,6.87,45428.63,14238.31,Person_1940,3086002668.0,Pisces,Orange,Gaming
REC01941,9,26/04/2023,1,0,0,16.6,2.93,211.93,7.0,56674.56,17896.68,Person_1941,3879736122.0,Taurus,Blue,Sports
REC01942,2,27/04/2023,3,1,0,13.5,3.08,199.98,6.82,58747.2,18571.18,Person_1942,3355693307.0,Taurus,Orange,Reading
REC01943,4,28/04/2023,2,0,0,18.4,3.16,,5.65,47133.34,15800.55,Person_1943,3126507971.0,Scorpio,Green,Gaming
REC01944,8,29/04/2023,3,0,0,19.1,3.12,223.25,,36391.07,12599.44,Person_1944,3869313455.0,Taurus,Purple,Gaming
REC01945,13,30/04/2023,2,0,0,13.7,3.74,203.22,6.08,36949.63,12973.58,Person_1945,3455274342.0,Aries,Red,Gardening
REC01946,11,01/05/2023,4,0,0,19.2,3.25,186.53,,41725.86,14346.35,Person_1946,3090705183.0,Gemini,Blue,Sports
REC01947,6,02/05/2023,1,0,0,13.2,3.14,,9.15,47655.58,15685.05,Person_1947,3739386179.0,Leo,Red,Reading
REC01948,3,03/05/2023,1,0,0,28.0,3.19,207.76,4.4,48713.22,17105.74,Person_1948,3392837783.0,Cancer,Pink,Photography
REC01949,3,04/05/2023,6,0,0,17.3,3.21,212.84,9.27,32018.54,10726.39,Person_1949,3039969525.0,Libra,Pink,Gardening
REC01950,16,05/05/2023,3,1,0,25.0,2.66,,5.26,58254.42,18421.59,Person_1950,3484178299.0,Pisces,Black,Photography
REC01951,17,06/05/2023,4,1,0,28.1,3.67,173.3,7.0,56154.88,17945.06,Person_1951,3580733854.0,Pisces,Blue,Hiking
REC01952,10,07/05/2023,6,0,0,20.5,,197.8,4.02,39805.41,12540.45,Person_1952,3675447184.0,Gemini,Orange,Cinema
REC01953,6,08/05/2023,0,0,1,19.4,3.09,,4.07,42497.5,13778.78,Person_1953,3904562567.0,Sagittarius,Red,Travel
REC01954,19,09/05/2023,0,0,0,11.5,3.46,,5.44,33896.92,11201.47,Person_1954,3591153636.0,Sagittarius,Gray,Reading
REC01955,19,10/05/2023,6,1,0,9.2,2.85,,8.55,60239.09,20431.53,Person_1955,3368251439.0,Scorpio,Black,Cooking
REC01956,20,11/05/2023,6,1,0,18.7,3.47,,3.54,48043.01,16655.17,Person_1956,3919264203.0,Pisces,Black,Travel
REC01957,3,12/05/2023,2,1,0,14.9,,,7.83,64613.05,22500.69,Person_1957,3472933662.0,Aquarius,White,Photography
REC01958,11,13/05/2023,1,0,0,31.4,3.51,193.34,6.27,46798.19,16349.4,Person_1958,3170691141.0,Virgo,Blue,Hiking
REC01959,7,14/05/2023,0,1,0,24.7,2.67,,11.52,40282.1,13797.88,Person_1959,3265008937.0,Leo,Red,Travel
REC01960,5,15/05/2023,2,0,0,30.5,2.88,205.85,4.94,44775.3,15410.34,Person_1960,3855687117.0,Scorpio,Purple,Cooking
REC01961,14,16/05/2023,1,0,0,21.6,2.98,196.38,5.96,36651.37,13003.7,Person_1961,3070798016.0,Gemini,Green,Cinema
REC01962,9,17/05/2023,3,0,0,23.4,3.07,183.34,7.04,45951.03,16258.29,Person_1962,3939159424.0,Sagittarius,Black,Cooking
REC01963,13,18/05/2023,1,1,0,31.3,3.75,166.34,5.61,62353.63,20674.37,Person_1963,3603254022.0,Virgo,Gray,Reading
REC01964,18,19/05/2023,3,1,0,14.9,3.13,222.86,4.46,62789.28,20819.96,Person_1964,3143984298.0,Libra,Orange,Reading
REC01965,15,20/05/2023,3,1,0,27.3,3.12,236.59,7.02,67401.36,21380.7,Person_1965,3891142956.0,Scorpio,Gray,Gaming
REC01966,1,21/05/2023,6,1,0,7.7,3.64,195.54,3.72,65811.03,21860.25,Person_1966,3083440751.0,Cancer,Purple,Photography
REC01967,19,22/05/2023,0,0,0,36.0,3.0,200.4,5.99,47485.04,16108.16,Person_1967,3238596841.0,Capricorn,Red,Gaming
REC01968,16,23/05/2023,3,0,0,20.0,3.31,195.87,6.5,49978.68,17148.35,Person_1968,3141565857.0,Cancer,Pink,Music
REC01969,17,24/05/2023,4,0,0,29.4,4.01,208.92,4.47,44812.06,14604.09,Person_1969,3047966640.0,Gemini,Gray,Cinema
REC01970,9,25/05/2023,4,0,0,19.4,3.21,190.42,7.03,43601.59,14713.64,Person_1970,3233949572.0,Sagittarius,Gray,Travel
REC01971,5,26/05/2023,5,0,0,17.8,3.55,180.15,5.29,40933.62,13407.73,Person_1971,3293837205.0,Aries,Gray,Sports
REC01972,15,27/05/2023,5,0,0,3.5,,,8.59,24656.21,8489.47,Person_1972,3149518591.0,Gemini,Purple,Cooking
REC01973,12,28/05/2023,4,0,0,,3.53,175.71,5.48,48495.34,16621.31,Person_1973,3046629703.0,Sagittarius,Gray,Photography
REC01974,2,29/05/2023,0,1,0,3.5,3.23,,10.82,49729.86,16138.91,Person_1974,3808535868.0,Scorpio,Gray,Photography
REC01975,14,30/05/2023,3,0,0,7.2,3.68,185.88,8.68,32552.22,11564.44,Person_1975,3813048951.0,Capricorn,Black,Cooking
REC01976,19,31/05/2023,4,0,0,18.9,2.74,,5.78,45673.17,15596.56,Person_1976,3467181292.0,Libra,Green,Sports
REC01977,4,01/06/2023,0,0,0,28.3,3.24,196.86,8.66,29723.03,9454.84,Person_1977,3177866102.0,Virgo,Purple,Hiking
REC01978,13,02/06/2023,5,0,0,14.6,,184.16,8.22,28535.68,9237.27,Person_1978,3082438497.0,Aries,Green,Sports
REC01979,6,03/06/2023,4,1,0,5.2,3.42,196.36,4.89,57353.46,18080.9,Person_1979,3549802274.0,Scorpio,Pink,Reading
REC01980,4,04/06/2023,1,0,0,15.9,2.64,,13.07,34299.59,11385.19,Person_1980,3235940883.0,Gemini,Red,Sports
REC01981,14,05/06/2023,6,1,0,,,180.58,5.81,56069.84,19744.51,Person_1981,3752668017.0,Virgo,Yellow,Gardening
REC01982,5,06/06/2023,1,0,0,18.4,3.22,195.7,6.82,43004.49,13727.11,Person_1982,3208233825.0,Taurus,Black,Cooking
REC01983,9,07/06/2023,0,0,0,12.0,3.66,201.32,8.76,36303.26,11901.16,Person_1983,3546325036.0,Libra,Orange,Travel
REC01984,12,08/06/2023,6,1,0,27.1,3.24,185.12,7.99,45746.71,14911.82,Person_1984,3128359839.0,Leo,Orange,Gardening
REC01985,5,09/06/2023,5,0,0,18.1,3.46,212.55,4.81,34766.92,12230.67,Person_1985,3947950023.0,Aries,Red,Photography
REC01986,7,10/06/2023,4,1,0,21.2,3.9,217.95,,55787.11,19441.02,Person_1986,3973683630.0,Scorpio,Black,Gardening
REC01987,5,11/06/2023,2,0,0,13.5,3.95,,,45562.44,0.0,Person_1987,3732934007.0,Libra,Yellow,Sports
REC01988,15,12/06/2023,5,1,0,19.9,2.91,226.55,7.06,53256.9,16733.37,Person_1988,3998836458.0,Scorpio,Pink,Reading
REC01989,1,13/06/2023,3,0,0,16.9,3.22,197.9,8.89,42954.03,14653.2,Person_1989,3058506732.0,Aquarius,Pink,Hiking
REC01990,14,14/06/2023,5,0,0,,3.85,195.87,10.75,33370.49,11770.54,Person_1990,3437858545.0,Aries,Green,Hiking
REC01991,7,15/06/2023,3,0,0,26.8,3.34,205.24,10.11,40418.3,13126.04,Person_1991,3030447244.0,Scorpio,White,Cooking
REC01992,16,16/06/2023,3,1,0,16.3,2.04,191.15,7.94,50959.0,17625.37,Person_1992,3590636594.0,Taurus,Yellow,Reading
REC01993,8,17/06/2023,6,0,0,21.5,2.61,173.19,,41949.11,13679.09,Person_1993,3782669030.0,Virgo,Black,Gardening
REC01994,12,18/06/2023,5,0,0,16.9,2.65,191.04,,40004.87,13876.49,Person_1994,3075567879.0,Taurus,Pink,Gaming
REC01995,4,19/06/2023,4,0,0,18.7,2.97,191.1,7.67,36518.85,11663.26,Person_1995,3810193645.0,Aquarius,Black,Sports
REC01996,18,20/06/2023,4,0,0,19.0,3.15,197.53,4.24,40665.76,12984.72,Person_1996,3224632837.0,Taurus,Red,Photography
REC01997,15,21/06/2023,0,0,0,28.4,3.03,,5.34,41837.18,13642.24,Person_1997,3654956696.0,Taurus,Purple,Music
REC01998,7,22/06/2023,1,0,0,31.6,3.73,,6.09,43651.77,14775.0,Person_1998,3092679894.0,Gemini,Pink,Sports
REC01999,3,23/06/2023,1,1,0,5.2,3.51,191.56,5.06,49861.88,16755.9,Person_1999,3557062099.0,Cancer,Purple,Gardening
REC02000,2,24/06/2023,3,0,0,5.6,3.12,201.09,6.6,37112.07,11768.38,Person_2000,3650891327.0,Capricorn,Yellow,Cinema
